gene_symbol,gene_full_name
A1BG,alpha-1-B glycoprotein
A2M,alpha-2-macroglobulin
AADAC,arylacetamide deacetylase
AADACL2,arylacetamide deacetylase like 2
AADAT,aminoadipate aminotransferase
AAK1,AP2 associated kinase 1
AAMP,angio associated migratory cell protein
AANAT,aralkylamine N-acetyltransferase
AARS1,alanyl-tRNA synthetase 1
AARS2,"alanyl-tRNA synthetase 2, mitochondrial"
AASS,aminoadipate-semialdehyde synthase
ABAT,4-aminobutyrate aminotransferase
ABCA1,ATP binding cassette subfamily A member 1
ABCA2,ATP binding cassette subfamily A member 2
ABCA3,ATP binding cassette subfamily A member 3
ABCA4,ATP binding cassette subfamily A member 4
ABCA5,ATP binding cassette subfamily A member 5
ABCB1,ATP binding cassette subfamily B member 1
ABCB11,ATP binding cassette subfamily B member 11
ABCB4,ATP binding cassette subfamily B member 4
ABCB5,ATP binding cassette subfamily B member 5
ABCB7,ATP binding cassette subfamily B member 7
ABCB8,ATP binding cassette subfamily B member 8
ABCC1,ATP binding cassette subfamily C member 1 (ABCC1 blood group)
ABCC10,ATP binding cassette subfamily C member 10
ABCC11,ATP binding cassette subfamily C member 11
ABCC2,ATP binding cassette subfamily C member 2
ABCC3,ATP binding cassette subfamily C member 3
ABCC4,ATP binding cassette subfamily C member 4 (PEL blood group)
ABCC5,ATP binding cassette subfamily C member 5
ABCC6,ATP binding cassette subfamily C member 6
ABCC8,ATP binding cassette subfamily C member 8
ABCC9,ATP binding cassette subfamily C member 9
ABCD1,ATP binding cassette subfamily D member 1
ABCD2,ATP binding cassette subfamily D member 2
ABCF1,ATP binding cassette subfamily F member 1
ABCG1,ATP binding cassette subfamily G member 1
ABCG2,ATP binding cassette subfamily G member 2 (JR blood group)
ABCG5,ATP binding cassette subfamily G member 5
ABCG8,ATP binding cassette subfamily G member 8
ABHD12,"abhydrolase domain containing 12, lysophospholipase"
ABHD16A,"abhydrolase domain containing 16A, phospholipase"
ABHD5,"abhydrolase domain containing 5, lysophosphatidic acid acyltransferase"
ABHD6,"abhydrolase domain containing 6, acylglycerol lipase"
ABL1,"ABL proto-oncogene 1, non-receptor tyrosine kinase"
ABL2,"ABL proto-oncogene 2, non-receptor tyrosine kinase"
ABO,"ABO, alpha 1-3-N-acetylgalactosaminyltransferase and alpha 1-3-galactosyltransferase"
ABR,ABR activator of RhoGEF and GTPase
ACAA1,acetyl-CoA acyltransferase 1
ACAA2,acetyl-CoA acyltransferase 2
ACACA,acetyl-CoA carboxylase alpha
ACACB,acetyl-CoA carboxylase beta
ACAD10,acyl-CoA dehydrogenase family member 10
ACAD11,acyl-CoA dehydrogenase family member 11
ACAD8,acyl-CoA dehydrogenase family member 8
ACADM,acyl-CoA dehydrogenase medium chain
ACADS,acyl-CoA dehydrogenase short chain
ACADSB,acyl-CoA dehydrogenase short/branched chain
ACADVL,acyl-CoA dehydrogenase very long chain
ACAN,aggrecan
ACAT1,acetyl-CoA acetyltransferase 1
ACAT2,acetyl-CoA acetyltransferase 2
ACCS,1-aminocyclopropane-1-carboxylate synthase homolog (inactive)
ACE,angiotensin I converting enzyme
ACE2,angiotensin converting enzyme 2
ACER2,alkaline ceramidase 2
ACHE,acetylcholinesterase (Yt blood group)
ACKR3,atypical chemokine receptor 3
ACLY,ATP citrate lyase
ACMSD,aminocarboxymuconate semialdehyde decarboxylase
ACO1,aconitase 1
ACO2,aconitase 2
ACOT13,acyl-CoA thioesterase 13
ACOX1,acyl-CoA oxidase 1
ACOX3,"acyl-CoA oxidase 3, pristanoyl"
ACP1,acid phosphatase 1
ACP3,acid phosphatase 3
ACP5,"acid phosphatase 5, tartrate resistant"
ACR,acrosin
ACRV1,acrosomal vesicle protein 1
ACSBG1,acyl-CoA synthetase bubblegum family member 1
ACSL1,acyl-CoA synthetase long chain family member 1
ACSL3,acyl-CoA synthetase long chain family member 3
ACSL4,acyl-CoA synthetase long chain family member 4
ACSL5,acyl-CoA synthetase long chain family member 5
ACSL6,acyl-CoA synthetase long chain family member 6
ACSS1,acyl-CoA synthetase short chain family member 1
ACSS2,acyl-CoA synthetase short chain family member 2
ACTA1,"actin alpha 1, skeletal muscle"
ACTA2,"actin alpha 2, smooth muscle"
ACTB,actin beta
ACTC1,actin alpha cardiac muscle 1
ACTG1,actin gamma 1
ACTL6A,actin like 6A
ACTN1,actinin alpha 1
ACTN2,actinin alpha 2
ACTN3,actinin alpha 3
ACTN4,actinin alpha 4
ACTR2,actin related protein 2
ACTR3,actin related protein 3
ACVR1,activin A receptor type 1
ACVR1B,activin A receptor type 1B
ACVR1C,activin A receptor type 1C
ACVR2A,activin A receptor type 2A
ACVR2B,activin A receptor type 2B
ACVRL1,activin A receptor like type 1
ACY1,aminoacylase 1
ACY3,aminoacylase 3
ACYP2,acylphosphatase 2
ADA,adenosine deaminase
ADAM10,ADAM metallopeptidase domain 10
ADAM12,ADAM metallopeptidase domain 12
ADAM17,ADAM metallopeptidase domain 17
ADAM28,ADAM metallopeptidase domain 28
ADAM33,ADAM metallopeptidase domain 33
ADAM3A,ADAM metallopeptidase domain 3A (pseudogene)
ADAM8,ADAM metallopeptidase domain 8
ADAM9,ADAM metallopeptidase domain 9
ADAMTS1,ADAM metallopeptidase with thrombospondin type 1 motif 1
ADAMTS10,ADAM metallopeptidase with thrombospondin type 1 motif 10
ADAMTS13,ADAM metallopeptidase with thrombospondin type 1 motif 13
ADAMTS18,ADAM metallopeptidase with thrombospondin type 1 motif 18
ADAMTS4,ADAM metallopeptidase with thrombospondin type 1 motif 4
ADAMTS5,ADAM metallopeptidase with thrombospondin type 1 motif 5
ADAMTS7,ADAM metallopeptidase with thrombospondin type 1 motif 7
ADAMTSL2,ADAMTS like 2
ADAR,adenosine deaminase RNA specific
ADARB1,adenosine deaminase RNA specific B1
ADARB2,adenosine deaminase RNA specific B2 (inactive)
ADCK1,aarF domain containing kinase 1
ADCK5,aarF domain containing kinase 5
ADCY1,adenylate cyclase 1
ADCY10,adenylate cyclase 10
ADCY2,adenylate cyclase 2
ADCY3,adenylate cyclase 3
ADCY5,adenylate cyclase 5
ADCY6,adenylate cyclase 6
ADCY8,adenylate cyclase 8
ADCY9,adenylate cyclase 9
ADCYAP1,adenylate cyclase activating polypeptide 1
ADCYAP1R1,ADCYAP receptor type I
ADD1,adducin 1
ADD3,adducin 3
ADGRB1,adhesion G protein-coupled receptor B1
ADGRB2,adhesion G protein-coupled receptor B2
ADGRD1,adhesion G protein-coupled receptor D1
ADGRE1,adhesion G protein-coupled receptor E1
ADGRE2,adhesion G protein-coupled receptor E2
ADGRG3,adhesion G protein-coupled receptor G3
ADGRG7,adhesion G protein-coupled receptor G7
ADGRL3,adhesion G protein-coupled receptor L3
ADGRV1,adhesion G protein-coupled receptor V1
ADH1A,"alcohol dehydrogenase 1A (class I), alpha polypeptide"
ADH1B,"alcohol dehydrogenase 1B (class I), beta polypeptide"
ADH1C,"alcohol dehydrogenase 1C (class I), gamma polypeptide"
ADH4,"alcohol dehydrogenase 4 (class II), pi polypeptide"
ADH5,"alcohol dehydrogenase 5 (class III), chi polypeptide"
ADH6,alcohol dehydrogenase 6 (class V)
ADH7,"alcohol dehydrogenase 7 (class IV), mu or sigma polypeptide"
ADHFE1,alcohol dehydrogenase iron containing 1
ADIPOQ,"adiponectin, C1Q and collagen domain containing"
ADIPOR1,adiponectin receptor 1
ADIPOR2,adiponectin receptor 2
ADK,adenosine kinase
ADM,adrenomedullin
ADM2,adrenomedullin 2
ADO,2-aminoethanethiol dioxygenase
ADORA1,adenosine A1 receptor
ADORA2A,adenosine A2a receptor
ADORA2B,adenosine A2b receptor
ADORA3,adenosine A3 receptor
ADRA1A,adrenoceptor alpha 1A
ADRA1B,adrenoceptor alpha 1B
ADRA1D,adrenoceptor alpha 1D
ADRA2A,adrenoceptor alpha 2A
ADRA2B,adrenoceptor alpha 2B
ADRA2C,adrenoceptor alpha 2C
ADRB1,adrenoceptor beta 1
ADRB2,adrenoceptor beta 2
ADRB3,adrenoceptor beta 3
ADRM1,ADRM1 26S proteasome ubiquitin receptor
ADSS1,adenylosuccinate synthase 1
ADSS2,adenylosuccinate synthase 2
AEBP1,AE binding protein 1
AEBP2,AE binding protein 2
AFDN,"afadin, adherens junction formation factor"
AFF2,ALF transcription elongation factor 2
AFG2A,AAA ATPase AFG2A
AFG3L2,AFG3 like matrix AAA peptidase subunit 2
AFM,afamin
AFP,alpha fetoprotein
AGA,aspartylglucosaminidase
AGAP1,"ArfGAP with GTPase domain, ankyrin repeat and PH domain 1"
AGAP3,"ArfGAP with GTPase domain, ankyrin repeat and PH domain 3"
AGBL2,AGBL carboxypeptidase 2
AGBL4,AGBL carboxypeptidase 4
AGER,advanced glycosylation end-product specific receptor
AGL,"amylo-alpha-1,6-glucosidase and 4-alpha-glucanotransferase"
AGO2,argonaute RISC catalytic component 2
AGPAT2,1-acylglycerol-3-phosphate O-acyltransferase 2
AGT,angiotensinogen
AGTR1,angiotensin II receptor type 1
AGTR2,angiotensin II receptor type 2
AGXT,alanine--glyoxylate aminotransferase
AGXT2,alanine--glyoxylate aminotransferase 2
AHCY,adenosylhomocysteinase
AHCYL1,adenosylhomocysteinase like 1
AHR,aryl hydrocarbon receptor
AHRR,aryl hydrocarbon receptor repressor
AHSG,alpha 2-HS glycoprotein
AHSP,alpha hemoglobin stabilizing protein
AIFM1,apoptosis inducing factor mitochondria associated 1
AIFM2,"AIF family member 2, ferroptosis suppressor"
AIMP2,aminoacyl tRNA synthetase complex interacting multifunctional protein 2
AIP,AHR interacting HSP90 co-chaperone
AIRE,autoimmune regulator
AK1,adenylate kinase 1
AK2,adenylate kinase 2
AK4,adenylate kinase 4
AK8,adenylate kinase 8
AKAP13,A-kinase anchoring protein 13
AKR1A1,aldo-keto reductase family 1 member A1
AKR1B1,aldo-keto reductase family 1 member B
AKR1B10,aldo-keto reductase family 1 member B10
AKR1B15,aldo-keto reductase family 1 member B15
AKR1C1,aldo-keto reductase family 1 member C1
AKR1C2,aldo-keto reductase family 1 member C2
AKR1C3,aldo-keto reductase family 1 member C3
AKR1C4,aldo-keto reductase family 1 member C4
AKR1D1,aldo-keto reductase family 1 member D1
AKR1E2,aldo-keto reductase family 1 member E2
AKR7A2,aldo-keto reductase family 7 member A2
AKT1,AKT serine/threonine kinase 1
AKT1S1,AKT1 substrate 1
AKT2,AKT serine/threonine kinase 2
AKT3,AKT serine/threonine kinase 3
ALAD,aminolevulinate dehydratase
ALAS1,5'-aminolevulinate synthase 1
ALAS2,5'-aminolevulinate synthase 2
ALB,albumin
ALCAM,activated leukocyte cell adhesion molecule
ALDH18A1,aldehyde dehydrogenase 18 family member A1
ALDH1A1,aldehyde dehydrogenase 1 family member A1
ALDH1A2,aldehyde dehydrogenase 1 family member A2
ALDH1A3,aldehyde dehydrogenase 1 family member A3
ALDH1B1,aldehyde dehydrogenase 1 family member B1
ALDH1L1,aldehyde dehydrogenase 1 family member L1
ALDH2,aldehyde dehydrogenase 2 family member
ALDH3A1,aldehyde dehydrogenase 3 family member A1
ALDH3A2,aldehyde dehydrogenase 3 family member A2
ALDH3B1,aldehyde dehydrogenase 3 family member B1
ALDH3B2,aldehyde dehydrogenase 3 family member B2
ALDH4A1,aldehyde dehydrogenase 4 family member A1
ALDH5A1,aldehyde dehydrogenase 5 family member A1
ALDH6A1,aldehyde dehydrogenase 6 family member A1
ALDH7A1,aldehyde dehydrogenase 7 family member A1
ALDH9A1,aldehyde dehydrogenase 9 family member A1
ALDOA,"aldolase, fructose-bisphosphate A"
ALDOB,"aldolase, fructose-bisphosphate B"
ALG10,"ALG10 alpha-1,2-glucosyltransferase"
ALK,ALK receptor tyrosine kinase
ALKBH2,"alkB homolog 2, alpha-ketoglutarate dependent dioxygenase"
ALKBH3,"alkB homolog 3, alpha-ketoglutarate dependent dioxygenase"
ALKBH5,"alkB homolog 5, RNA demethylase"
ALOX12,"arachidonate 12-lipoxygenase, 12S type"
ALOX12B,"arachidonate 12-lipoxygenase, 12R type"
ALOX15,arachidonate 15-lipoxygenase
ALOX15B,arachidonate 15-lipoxygenase type B
ALOX5,arachidonate 5-lipoxygenase
ALOX5AP,arachidonate 5-lipoxygenase activating protein
ALPG,"alkaline phosphatase, germ cell"
ALPI,"alkaline phosphatase, intestinal"
ALPK1,alpha kinase 1
ALPL,"alkaline phosphatase, biomineralization associated"
ALPP,"alkaline phosphatase, placental"
AMACR,alpha-methylacyl-CoA racemase
AMD1,adenosylmethionine decarboxylase 1
AMDHD2,amidohydrolase domain containing 2
AMELX,amelogenin X-linked
AMELY,amelogenin Y-linked
AMFR,autocrine motility factor receptor
AMH,anti-Mullerian hormone
AMHR2,anti-Mullerian hormone receptor type 2
AMN,amnion associated transmembrane protein
AMOT,angiomotin
AMPD1,adenosine monophosphate deaminase 1
AMPD2,adenosine monophosphate deaminase 2
AMPD3,adenosine monophosphate deaminase 3
AMPH,amphiphysin
AMT,aminomethyltransferase
AMY1A,amylase alpha 1A
AMY1B,amylase alpha 1B
AMY1C,amylase alpha 1C
AMY2A,amylase alpha 2A
AMY2B,amylase alpha 2B
ANG,angiogenin
ANGPT1,angiopoietin 1
ANGPT2,angiopoietin 2
ANK1,ankyrin 1
ANK2,ankyrin 2
ANK3,ankyrin 3
ANKFN1,ankyrin repeat and fibronectin type III domain containing 1
ANKK1,ankyrin repeat and kinase domain containing 1
ANKS1B,ankyrin repeat and sterile alpha motif domain containing 1B
ANO1,anoctamin 1
ANO2,anoctamin 2
ANPEP,"alanyl aminopeptidase, membrane"
ANTXR2,ANTXR cell adhesion molecule 2
ANXA1,annexin A1
ANXA11,annexin A11
ANXA13,annexin A13
ANXA2,annexin A2
ANXA3,annexin A3
ANXA4,annexin A4
ANXA5,annexin A5
ANXA6,annexin A6
ANXA7,annexin A7
AOAH,acyloxyacyl hydrolase
AOC1,amine oxidase copper containing 1
AOC2,amine oxidase copper containing 2
AOC3,amine oxidase copper containing 3
AOX1,aldehyde oxidase 1
AP1B1,adaptor related protein complex 1 subunit beta 1
AP1S2,adaptor related protein complex 1 subunit sigma 2
AP2M1,adaptor related protein complex 2 subunit mu 1
AP4S1,adaptor related protein complex 4 subunit sigma 1
APAF1,apoptotic peptidase activating factor 1
APBA1,amyloid beta precursor protein binding family A member 1
APBA2,amyloid beta precursor protein binding family A member 2
APBB1,amyloid beta precursor protein binding family B member 1
APBB1IP,amyloid beta precursor protein binding family B member 1 interacting protein
APBB2,amyloid beta precursor protein binding family B member 2
APC,APC regulator of Wnt signaling pathway
APCS,"amyloid P component, serum"
APEH,acylaminoacyl-peptide hydrolase
APEX1,apurinic/apyrimidinic endodeoxyribonuclease 1
APH1A,aph-1A gamma-secretase subunit
APH1B,aph-1B gamma-secretase subunit
APLN,apelin
APLNR,apelin receptor
APLP1,amyloid beta precursor like protein 1
APLP2,amyloid beta precursor like protein 2
APOA1,apolipoprotein A1
APOA2,apolipoprotein A2
APOA4,apolipoprotein A4
APOA5,apolipoprotein A5
APOB,apolipoprotein B
APOBEC1,apolipoprotein B mRNA editing enzyme catalytic subunit 1
APOBEC3A,apolipoprotein B mRNA editing enzyme catalytic subunit 3A
APOBEC3F,apolipoprotein B mRNA editing enzyme catalytic subunit 3F
APOBEC3G,apolipoprotein B mRNA editing enzyme catalytic subunit 3G
APOBR,apolipoprotein B receptor
APOC1,apolipoprotein C1
APOC2,apolipoprotein C2
APOC3,apolipoprotein C3
APOC4,apolipoprotein C4
APOD,apolipoprotein D
APOE,apolipoprotein E
APOF,apolipoprotein F
APOH,apolipoprotein H
APOL1,apolipoprotein L1
APOM,apolipoprotein M
APP,amyloid beta precursor protein
APRT,adenine phosphoribosyltransferase
AQP1,aquaporin 1 (Colton blood group)
AQP2,aquaporin 2
AQP3,aquaporin 3 (Gill blood group)
AQP4,aquaporin 4
AQP5,aquaporin 5
AQP6,aquaporin 6
AQP7,aquaporin 7
AQP8,aquaporin 8
AQP9,aquaporin 9
AR,androgen receptor
ARAF,"A-Raf proto-oncogene, serine/threonine kinase"
ARAP1,"ArfGAP with RhoGAP domain, ankyrin repeat and PH domain 1"
ARCN1,archain 1 coat protein complex I subunit delta
AREG,amphiregulin
ARF1,ARF GTPase 1
ARF5,ARF GTPase 5
ARF6,ARF GTPase 6
ARG1,arginase 1
ARG2,arginase 2
ARHGAP1,Rho GTPase activating protein 1
ARHGAP12,Rho GTPase activating protein 12
ARHGAP35,Rho GTPase activating protein 35
ARHGAP4,Rho GTPase activating protein 4
ARHGAP5,Rho GTPase activating protein 5
ARHGAP6,Rho GTPase activating protein 6
ARHGAP9,Rho GTPase activating protein 9
ARHGDIA,Rho GDP dissociation inhibitor alpha
ARHGEF10,Rho guanine nucleotide exchange factor 10
ARHGEF12,Rho guanine nucleotide exchange factor 12
ARHGEF28,Rho guanine nucleotide exchange factor 28
ARID1A,AT-rich interaction domain 1A
ARID4A,AT-rich interaction domain 4A
ARID5B,AT-rich interaction domain 5B
ARL1,ARF like GTPase 1
ARL2,ARF like GTPase 2
ARL3,ARF like GTPase 3
ARNT,aryl hydrocarbon receptor nuclear translocator
ARPC1B,actin related protein 2/3 complex subunit 1B
ARPC2,actin related protein 2/3 complex subunit 2
ARPC3,actin related protein 2/3 complex subunit 3
ARPC4,actin related protein 2/3 complex subunit 4
ARPC5,actin related protein 2/3 complex subunit 5
ARR3,arrestin 3
ARRB1,arrestin beta 1
ARRB2,arrestin beta 2
ARSA,arylsulfatase A
ARSB,arylsulfatase B
ARSD,arylsulfatase D
ARSF,arylsulfatase F
ARSL,arylsulfatase L
ART1,ADP-ribosyltransferase 1
ART3,ADP-ribosyltransferase 3 (inactive)
ART4,ADP-ribosyltransferase 4 (inactive) (Dombrock blood group)
ARVCF,ARVCF delta catenin family member
AS3MT,arsenite methyltransferase
ASAH1,N-acylsphingosine amidohydrolase 1
ASAH2,N-acylsphingosine amidohydrolase 2
ASAP1,"ArfGAP with SH3 domain, ankyrin repeat and PH domain 1"
ASCL1,achaete-scute family bHLH transcription factor 1
ASF1A,anti-silencing function 1A histone chaperone
ASGR1,asialoglycoprotein receptor 1
ASGR2,asialoglycoprotein receptor 2
ASH1L,ASH1 like histone lysine methyltransferase
ASH2L,"ASH2 like, histone lysine methyltransferase complex subunit"
ASIC1,acid sensing ion channel subunit 1
ASIC2,acid sensing ion channel subunit 2
ASIC3,acid sensing ion channel subunit 3
ASIP,agouti signaling protein
ASL,argininosuccinate lyase
ASMT,acetylserotonin O-methyltransferase
ASNS,asparagine synthetase (glutamine-hydrolyzing)
ASPA,aspartoacylase
ASPG,asparaginase
ASPH,aspartate beta-hydroxylase
ASRGL1,asparaginase and isoaspartyl peptidase 1
ASS1,argininosuccinate synthase 1
ASTN2,astrotactin 2
ATAD2,ATPase family AAA domain containing 2
ATAD2B,ATPase family AAA domain containing 2B
ATAD5,ATPase family AAA domain containing 5
ATAT1,alpha tubulin acetyltransferase 1
ATF1,activating transcription factor 1
ATF2,activating transcription factor 2
ATF3,activating transcription factor 3
ATF4,activating transcription factor 4
ATF5,activating transcription factor 5
ATF6,activating transcription factor 6
ATF6B,activating transcription factor 6 beta
ATF7,activating transcription factor 7
ATG4A,autophagy related 4A cysteine peptidase
ATG4B,autophagy related 4B cysteine peptidase
ATG7,autophagy related 7
ATIC,5-aminoimidazole-4-carboxamide ribonucleotide formyltransferase/IMP cyclohydrolase
ATM,ATM serine/threonine kinase
ATN1,atrophin 1
ATOX1,antioxidant 1 copper chaperone
ATP10A,ATPase phospholipid transporting 10A (putative)
ATP12A,ATPase H+/K+ transporting non-gastric alpha2 subunit
ATP1A1,ATPase Na+/K+ transporting subunit alpha 1
ATP1A2,ATPase Na+/K+ transporting subunit alpha 2
ATP1A3,ATPase Na+/K+ transporting subunit alpha 3
ATP1A4,ATPase Na+/K+ transporting subunit alpha 4
ATP1B1,ATPase Na+/K+ transporting subunit beta 1
ATP1B2,ATPase Na+/K+ transporting subunit beta 2
ATP1B3,ATPase Na+/K+ transporting subunit beta 3
ATP2A1,ATPase sarcoplasmic/endoplasmic reticulum Ca2+ transporting 1
ATP2A2,ATPase sarcoplasmic/endoplasmic reticulum Ca2+ transporting 2
ATP2A3,ATPase sarcoplasmic/endoplasmic reticulum Ca2+ transporting 3
ATP2B1,ATPase plasma membrane Ca2+ transporting 1
ATP2B2,ATPase plasma membrane Ca2+ transporting 2
ATP2B3,ATPase plasma membrane Ca2+ transporting 3
ATP2B4,ATPase plasma membrane Ca2+ transporting 4
ATP2C1,ATPase secretory pathway Ca2+ transporting 1
ATP2C2,ATPase secretory pathway Ca2+ transporting 2
ATP4A,ATPase H+/K+ transporting subunit alpha
ATP4B,ATPase H+/K+ transporting subunit beta
ATP5F1A,ATP synthase F1 subunit alpha
ATP5F1B,ATP synthase F1 subunit beta
ATP5F1C,ATP synthase F1 subunit gamma
ATP5F1D,ATP synthase F1 subunit delta
ATP5F1E,ATP synthase F1 subunit epsilon
ATP5MC1,ATP synthase membrane subunit c locus 1
ATP5MC2,ATP synthase membrane subunit c locus 2
ATP5ME,ATP synthase membrane subunit e
ATP5MG,ATP synthase membrane subunit g
ATP5PB,ATP synthase peripheral stalk-membrane subunit b
ATP5PF,ATP synthase peripheral stalk subunit F6
ATP5PO,ATP synthase peripheral stalk subunit OSCP
ATP6AP1,ATPase H+ transporting accessory protein 1
ATP6V0A1,ATPase H+ transporting V0 subunit a1
ATP6V0A2,ATPase H+ transporting V0 subunit a2
ATP6V0A4,ATPase H+ transporting V0 subunit a4
ATP6V0B,ATPase H+ transporting V0 subunit b
ATP6V0C,ATPase H+ transporting V0 subunit c
ATP6V0D1,ATPase H+ transporting V0 subunit d1
ATP6V0D2,ATPase H+ transporting V0 subunit d2
ATP6V0E1,ATPase H+ transporting V0 subunit e1
ATP6V0E2,ATPase H+ transporting V0 subunit e2
ATP6V1A,ATPase H+ transporting V1 subunit A
ATP6V1B1,ATPase H+ transporting V1 subunit B1
ATP6V1B2,ATPase H+ transporting V1 subunit B2
ATP6V1C1,ATPase H+ transporting V1 subunit C1
ATP6V1C2,ATPase H+ transporting V1 subunit C2
ATP6V1D,ATPase H+ transporting V1 subunit D
ATP6V1E1,ATPase H+ transporting V1 subunit E1
ATP6V1E2,ATPase H+ transporting V1 subunit E2
ATP6V1F,ATPase H+ transporting V1 subunit F
ATP6V1G1,ATPase H+ transporting V1 subunit G1
ATP6V1G2,ATPase H+ transporting V1 subunit G2
ATP6V1G3,ATPase H+ transporting V1 subunit G3
ATP6V1H,ATPase H+ transporting V1 subunit H
ATP7A,ATPase copper transporting alpha
ATP7B,ATPase copper transporting beta
ATP8A1,ATPase phospholipid transporting 8A1
ATP8B1,ATPase phospholipid transporting 8B1
ATR,ATR checkpoint kinase
ATRIP,ATR interacting protein
ATRX,ATRX chromatin remodeler
ATXN2,ataxin 2
AURKA,aurora kinase A
AURKAIP1,aurora kinase A interacting protein 1
AURKB,aurora kinase B
AURKC,aurora kinase C
AVPR1A,arginine vasopressin receptor 1A
AVPR1B,arginine vasopressin receptor 1B
AVPR2,arginine vasopressin receptor 2
AWAT1,acyl-CoA wax alcohol acyltransferase 1
AWAT2,acyl-CoA wax alcohol acyltransferase 2
AXIN1,axin 1
AXIN2,axin 2
AXL,AXL receptor tyrosine kinase
AZGP1,"alpha-2-glycoprotein 1, zinc-binding"
AZI2,5-azacytidine induced 2
AZIN2,antizyme inhibitor 2
B2M,beta-2-microglobulin
B3GALT1,"beta-1,3-galactosyltransferase 1"
B3GAT1,"beta-1,3-glucuronyltransferase 1"
B3GAT3,"beta-1,3-glucuronyltransferase 3"
B4GALT1,"beta-1,4-galactosyltransferase 1"
B4GALT2,"beta-1,4-galactosyltransferase 2"
B4GALT4,"beta-1,4-galactosyltransferase 4"
BAAT,bile acid-CoA:amino acid N-acyltransferase
BACE1,beta-secretase 1
BACE2,beta-secretase 2
BACH1,BTB domain and CNC homolog 1
BAD,BCL2 associated agonist of cell death
BAG1,BAG cochaperone 1
BAG6,BAG cochaperone 6
BAHD1,bromo adjacent homology domain containing 1
BAK1,BCL2 antagonist/killer 1
BAP1,BRCA1 associated deubiquitinase 1
BARD1,BRCA1 associated RING domain 1
BAX,"BCL2 associated X, apoptosis regulator"
BAZ1A,bromodomain adjacent to zinc finger domain 1A
BAZ2A,bromodomain adjacent to zinc finger domain 2A
BAZ2B,bromodomain adjacent to zinc finger domain 2B
BBC3,BCL2 binding component 3
BBOX1,gamma-butyrobetaine hydroxylase 1
BBS1,Bardet-Biedl syndrome 1
BBS2,Bardet-Biedl syndrome 2
BBS4,Bardet-Biedl syndrome 4
BCAR1,"BCAR1 scaffold protein, Cas family member"
BCAR3,"BCAR3 adaptor protein, NSP family member"
BCAT1,branched chain amino acid transaminase 1
BCAT2,branched chain amino acid transaminase 2
BCHE,butyrylcholinesterase
BCKDHA,branched chain keto acid dehydrogenase E1 subunit alpha
BCKDHB,branched chain keto acid dehydrogenase E1 subunit beta
BCKDK,branched chain keto acid dehydrogenase kinase
BCL2,BCL2 apoptosis regulator
BCL2A1,BCL2 related protein A1
BCL2L1,BCL2 like 1
BCL2L10,BCL2 like 10
BCL2L11,BCL2 like 11
BCL2L2,BCL2 like 2
BCL3,BCL3 transcription coactivator
BCL6,BCL6 transcription repressor
BCL7A,BAF chromatin remodeling complex subunit BCL7A
BCL9,BCL9 transcription coactivator
BCO1,beta-carotene oxygenase 1
BCOR,BCL6 corepressor
BCR,BCR activator of RhoGEF and GTPase
BDH1,3-hydroxybutyrate dehydrogenase 1
BDKRB1,bradykinin receptor B1
BDKRB2,bradykinin receptor B2
BDNF,brain derived neurotrophic factor
BDNF-AS,BDNF antisense RNA
BECN1,beclin 1
BEST3,bestrophin 3
BFSP1,beaded filament structural protein 1
BGLAP,bone gamma-carboxyglutamate protein
BGN,biglycan
BHLHE40,basic helix-loop-helix family member e40
BHMT,betaine--homocysteine S-methyltransferase
BHMT2,betaine--homocysteine S-methyltransferase 2
BICD1,BICD cargo adaptor 1
BID,BH3 interacting domain death agonist
BIK,BCL2 interacting killer
BIN1,bridging integrator 1
BIRC2,baculoviral IAP repeat containing 2
BIRC3,baculoviral IAP repeat containing 3
BIRC5,baculoviral IAP repeat containing 5
BIRC6,baculoviral IAP repeat containing 6
BIRC7,baculoviral IAP repeat containing 7
BIRC8,baculoviral IAP repeat containing 8
BLK,"BLK proto-oncogene, Src family tyrosine kinase"
BLM,BLM RecQ like helicase
BLMH,bleomycin hydrolase
BLVRA,biliverdin reductase A
BLVRB,biliverdin reductase B
BMAL1,basic helix-loop-helix ARNT like 1
BMI1,"BMI1 proto-oncogene, polycomb ring finger"
BMP1,bone morphogenetic protein 1
BMP2,bone morphogenetic protein 2
BMP2K,BMP2 inducible kinase
BMP4,bone morphogenetic protein 4
BMP5,bone morphogenetic protein 5
BMP6,bone morphogenetic protein 6
BMP7,bone morphogenetic protein 7
BMPR1A,bone morphogenetic protein receptor type 1A
BMPR1B,bone morphogenetic protein receptor type 1B
BMPR2,bone morphogenetic protein receptor type 2
BMX,BMX non-receptor tyrosine kinase
BNC1,basonuclin zinc finger protein 1
BNIP1,BCL2 interacting protein 1
BNIP2,BCL2 interacting protein 2
BNIP3,BCL2 interacting protein 3
BNIP3L,BCL2 interacting protein 3 like
BOK,BCL2 family apoptosis regulator BOK
BPGM,bisphosphoglycerate mutase
BPHL,biphenyl hydrolase like
BPI,bactericidal permeability increasing protein
BPTF,bromodomain PHD finger transcription factor
BRAF,"B-Raf proto-oncogene, serine/threonine kinase"
BRCA1,BRCA1 DNA repair associated
BRCA2,BRCA2 DNA repair associated
BRCC3,BRCA1/BRCA2-containing complex subunit 3
BRD1,bromodomain containing 1
BRD2,bromodomain containing 2
BRD3,bromodomain containing 3
BRD4,bromodomain containing 4
BRD7,bromodomain containing 7
BRD8,bromodomain containing 8
BRD9,bromodomain containing 9
BRDT,bromodomain testis associated
BRINP1,BMP/retinoic acid inducible neural specific 1
BRINP3,BMP/retinoic acid inducible neural specific 3
BRPF1,bromodomain and PHD finger containing 1
BRPF3,bromodomain and PHD finger containing 3
BRS3,bombesin receptor subtype 3
BRSK1,BR serine/threonine kinase 1
BRSK2,BR serine/threonine kinase 2
BRWD1,bromodomain and WD repeat domain containing 1
BSG,basigin (Ok blood group)
BST1,bone marrow stromal cell antigen 1
BST2,bone marrow stromal cell antigen 2
BTC,betacellulin
BTD,biotinidase
BTF3,basic transcription factor 3
BTG1,BTG anti-proliferation factor 1
BTK,Bruton tyrosine kinase
BTN1A1,butyrophilin subfamily 1 member A1
BTN3A1,butyrophilin subfamily 3 member A1
BTRC,beta-transducin repeat containing E3 ubiquitin protein ligase
BUB1,BUB1 mitotic checkpoint serine/threonine kinase
BUB1B,BUB1 mitotic checkpoint serine/threonine kinase B
BYSL,bystin like
C10orf67,chromosome 10 open reading frame 67
C1QB,complement C1q B chain
C1QBP,complement C1q binding protein
C1QC,complement C1q C chain
C1R,complement C1r
C1S,complement C1s
C2,complement C2
C3,complement C3
C3AR1,complement C3a receptor 1
C4A,complement C4A (Chido/Rodgers blood group)
C4B,complement C4B (Chido/Rodgers blood group)
C4BPA,complement component 4 binding protein alpha
C4BPB,complement component 4 binding protein beta
C5,complement C5
C5AR1,complement C5a receptor 1
C5AR2,complement C5a receptor 2
C6,complement C6
C6orf15,chromosome 6 open reading frame 15
C7,complement C7
C8A,complement C8 alpha chain
C8B,complement C8 beta chain
C8G,complement C8 gamma chain
C8orf34,chromosome 8 open reading frame 34
C8orf44-SGK3,C8orf44-SGK3 readthrough
C9,complement C9
CA1,carbonic anhydrase 1
CA10,carbonic anhydrase 10 (inactive)
CA11,carbonic anhydrase 11 (inactive)
CA12,carbonic anhydrase 12
CA13,carbonic anhydrase 13
CA14,carbonic anhydrase 14
CA2,carbonic anhydrase 2
CA3,carbonic anhydrase 3
CA4,carbonic anhydrase 4
CA5A,carbonic anhydrase 5A
CA5B,carbonic anhydrase 5B
CA6,carbonic anhydrase 6
CA7,carbonic anhydrase 7
CA8,carbonic anhydrase 8 (inactive)
CA9,carbonic anhydrase 9
CACNA1A,calcium voltage-gated channel subunit alpha1 A
CACNA1B,calcium voltage-gated channel subunit alpha1 B
CACNA1C,calcium voltage-gated channel subunit alpha1 C
CACNA1D,calcium voltage-gated channel subunit alpha1 D
CACNA1E,calcium voltage-gated channel subunit alpha1 E
CACNA1F,calcium voltage-gated channel subunit alpha1 F
CACNA1G,calcium voltage-gated channel subunit alpha1 G
CACNA1H,calcium voltage-gated channel subunit alpha1 H
CACNA1I,calcium voltage-gated channel subunit alpha1 I
CACNA1S,calcium voltage-gated channel subunit alpha1 S
CACNA2D1,calcium voltage-gated channel auxiliary subunit alpha2delta 1
CACNA2D2,calcium voltage-gated channel auxiliary subunit alpha2delta 2
CACNA2D3,calcium voltage-gated channel auxiliary subunit alpha2delta 3
CACNA2D4,calcium voltage-gated channel auxiliary subunit alpha2delta 4
CACNB1,calcium voltage-gated channel auxiliary subunit beta 1
CACNB2,calcium voltage-gated channel auxiliary subunit beta 2
CACNB3,calcium voltage-gated channel auxiliary subunit beta 3
CACNB4,calcium voltage-gated channel auxiliary subunit beta 4
CACNG1,calcium voltage-gated channel auxiliary subunit gamma 1
CACNG2,calcium voltage-gated channel auxiliary subunit gamma 2
CACNG3,calcium voltage-gated channel auxiliary subunit gamma 3
CACNG4,calcium voltage-gated channel auxiliary subunit gamma 4
CACNG5,calcium voltage-gated channel auxiliary subunit gamma 5
CACNG6,calcium voltage-gated channel auxiliary subunit gamma 6
CACNG7,calcium voltage-gated channel auxiliary subunit gamma 7
CACNG8,calcium voltage-gated channel auxiliary subunit gamma 8
CAD,"carbamoyl-phosphate synthetase 2, aspartate transcarbamylase, and dihydroorotase"
CADM2,cell adhesion molecule 2
CADPS,calcium dependent secretion activator
CADPS2,calcium dependent secretion activator 2
CALB1,calbindin 1
CALB2,calbindin 2
CALCA,calcitonin related polypeptide alpha
CALCB,calcitonin related polypeptide beta
CALCR,calcitonin receptor
CALCRL,calcitonin receptor like receptor
CALM1,calmodulin 1
CALM2,calmodulin 2
CALM3,calmodulin 3
CALML3,calmodulin like 3
CALR,calreticulin
CALR3,calreticulin 3
CALU,calumenin
CALY,calcyon neuron specific vesicular protein
CAMK1,calcium/calmodulin dependent protein kinase I
CAMK1D,calcium/calmodulin dependent protein kinase ID
CAMK1G,calcium/calmodulin dependent protein kinase IG
CAMK2A,calcium/calmodulin dependent protein kinase II alpha
CAMK2B,calcium/calmodulin dependent protein kinase II beta
CAMK2D,calcium/calmodulin dependent protein kinase II delta
CAMK2G,calcium/calmodulin dependent protein kinase II gamma
CAMK4,calcium/calmodulin dependent protein kinase IV
CAMKK1,calcium/calmodulin dependent protein kinase kinase 1
CAMKK2,calcium/calmodulin dependent protein kinase kinase 2
CAMLG,calcium modulating ligand
CAMP,cathelicidin antimicrobial peptide
CANT1,calcium activated nucleotidase 1
CANX,calnexin
CAPG,"capping actin protein, gelsolin like"
CAPN1,calpain 1
CAPN10,calpain 10
CAPN2,calpain 2
CAPN3,calpain 3
CAPN5,calpain 5
CAPN9,calpain 9
CAPNS1,calpain small subunit 1
CAPS,calcyphosine
CARD16,caspase recruitment domain family member 16
CARINH,colitis associated IRF1 antisense regulator of intestinal homeostasis
CARM1,coactivator associated arginine methyltransferase 1
CARS1,cysteinyl-tRNA synthetase 1
CARS2,"cysteinyl-tRNA synthetase 2, mitochondrial"
CARTPT,CART prepropeptide
CASK,calcium/calmodulin dependent serine protein kinase
CASP1,caspase 1
CASP10,caspase 10
CASP14,caspase 14
CASP2,caspase 2
CASP3,caspase 3
CASP4,caspase 4
CASP5,caspase 5
CASP6,caspase 6
CASP7,caspase 7
CASP8,caspase 8
CASP9,caspase 9
CASQ1,calsequestrin 1
CASQ2,calsequestrin 2
CASR,calcium sensing receptor
CAST,calpastatin
CAT,catalase
CATSPER1,cation channel sperm associated 1
CATSPER2,cation channel sperm associated 2
CATSPER3,cation channel sperm associated 3
CATSPER4,cation channel sperm associated 4
CAV1,caveolin 1
CBFB,core-binding factor subunit beta
CBL,Cbl proto-oncogene
CBLB,Cbl proto-oncogene B
CBLIF,cobalamin binding intrinsic factor
CBLN1,cerebellin 1 precursor
CBR1,carbonyl reductase 1
CBR3,carbonyl reductase 3
CBS,cystathionine beta-synthase
CBX1,chromobox 1
CBX2,chromobox 2
CBX4,chromobox 4
CBX5,chromobox 5
CBX6,chromobox 6
CBX7,chromobox 7
CBX8,chromobox 8
CCDC43,coiled-coil domain containing 43
CCDC51,coiled-coil domain containing 51
CCDC6,coiled-coil domain containing 6
CCDC70,coiled-coil domain containing 70
CCDC77,coiled-coil domain containing 77
CCHCR1,coiled-coil alpha-helical rod protein 1
CCK,cholecystokinin
CCKAR,cholecystokinin A receptor
CCKBR,cholecystokinin B receptor
CCL11,C-C motif chemokine ligand 11
CCL17,C-C motif chemokine ligand 17
CCL2,C-C motif chemokine ligand 2
CCL25,C-C motif chemokine ligand 25
CCL3,C-C motif chemokine ligand 3
CCL4,C-C motif chemokine ligand 4
CCL5,C-C motif chemokine ligand 5
CCL7,C-C motif chemokine ligand 7
CCL8,C-C motif chemokine ligand 8
CCN1,cellular communication network factor 1
CCN2,cellular communication network factor 2
CCNA1,cyclin A1
CCNA2,cyclin A2
CCNB1,cyclin B1
CCNB2,cyclin B2
CCNB3,cyclin B3
CCNC,cyclin C
CCND1,cyclin D1
CCND2,cyclin D2
CCND3,cyclin D3
CCNE1,cyclin E1
CCNE2,cyclin E2
CCNH,cyclin H
CCNK,cyclin K
CCNO,cyclin O
CCNT1,cyclin T1
CCNT2,cyclin T2
CCNY,cyclin Y
CCR1,C-C motif chemokine receptor 1
CCR10,C-C motif chemokine receptor 10
CCR2,C-C motif chemokine receptor 2
CCR3,C-C motif chemokine receptor 3
CCR4,C-C motif chemokine receptor 4
CCR5,C-C motif chemokine receptor 5
CCR6,C-C motif chemokine receptor 6
CCR7,C-C motif chemokine receptor 7
CCR8,C-C motif chemokine receptor 8
CCR9,C-C motif chemokine receptor 9
CCS,copper chaperone for superoxide dismutase
CCT3,chaperonin containing TCP1 subunit 3
CD14,CD14 molecule
CD163,CD163 molecule
CD1A,CD1a molecule
CD1D,CD1d molecule
CD2,CD2 molecule
CD207,CD207 molecule
CD209,CD209 molecule
CD22,CD22 molecule
CD247,CD247 molecule
CD27,CD27 molecule
CD274,CD274 molecule
CD28,CD28 molecule
CD34,CD34 molecule
CD36,CD36 molecule (CD36 blood group)
CD38,CD38 molecule
CD3D,CD3 delta subunit of T-cell receptor complex
CD3E,CD3 epsilon subunit of T-cell receptor complex
CD4,CD4 molecule
CD40,CD40 molecule
CD40LG,CD40 ligand
CD44,CD44 molecule (IN blood group)
CD47,CD47 molecule
CD5,CD5 molecule
CD55,CD55 molecule (Cromer blood group)
CD5L,CD5 molecule like
CD63,CD63 molecule
CD68,CD68 molecule
CD69,CD69 molecule
CD7,CD7 molecule
CD70,CD70 molecule
CD72,CD72 molecule
CD74,CD74 molecule
CD79A,CD79a molecule
CD79B,CD79b molecule
CD80,CD80 molecule
CD81,CD81 molecule
CD83,CD83 molecule
CD86,CD86 molecule
CD8A,CD8 subunit alpha
CD8B,CD8 subunit beta
CD8B2,CD8B family member 2
CD9,CD9 molecule
CD96,CD96 molecule
CDA,cytidine deaminase
CDC14A,cell division cycle 14A
CDC25A,cell division cycle 25A
CDC25B,cell division cycle 25B
CDC25C,cell division cycle 25C
CDC37,"cell division cycle 37, HSP90 cochaperone"
CDC42,cell division cycle 42
CDC42BPA,CDC42 binding protein kinase alpha
CDC42BPB,CDC42 binding protein kinase beta
CDC42BPG,CDC42 binding protein kinase gamma
CDC45,cell division cycle 45
CDC5L,cell division cycle 5 like
CDC6,cell division cycle 6
CDC7,cell division cycle 7
CDCA3,cell division cycle associated 3
CDH1,cadherin 1
CDH11,cadherin 11
CDH12,cadherin 12
CDH13,cadherin 13
CDH15,cadherin 15
CDH16,cadherin 16
CDH17,cadherin 17
CDH18,cadherin 18
CDH2,cadherin 2
CDH23,cadherin related 23
CDH4,cadherin 4
CDH5,cadherin 5
CDIPT,CDP-diacylglycerol--inositol 3-phosphatidyltransferase
CDK1,cyclin dependent kinase 1
CDK10,cyclin dependent kinase 10
CDK11A,cyclin dependent kinase 11A
CDK11B,cyclin dependent kinase 11B
CDK12,cyclin dependent kinase 12
CDK13,cyclin dependent kinase 13
CDK14,cyclin dependent kinase 14
CDK15,cyclin dependent kinase 15
CDK16,cyclin dependent kinase 16
CDK17,cyclin dependent kinase 17
CDK18,cyclin dependent kinase 18
CDK19,cyclin dependent kinase 19
CDK2,cyclin dependent kinase 2
CDK20,cyclin dependent kinase 20
CDK2AP1,cyclin dependent kinase 2 associated protein 1
CDK2AP2,cyclin dependent kinase 2 associated protein 2
CDK3,cyclin dependent kinase 3
CDK4,cyclin dependent kinase 4
CDK5,cyclin dependent kinase 5
CDK5R1,cyclin dependent kinase 5 regulatory subunit 1
CDK6,cyclin dependent kinase 6
CDK7,cyclin dependent kinase 7
CDK8,cyclin dependent kinase 8
CDK9,cyclin dependent kinase 9
CDKL1,cyclin dependent kinase like 1
CDKL2,cyclin dependent kinase like 2
CDKL3,cyclin dependent kinase like 3
CDKL4,cyclin dependent kinase like 4
CDKL5,cyclin dependent kinase like 5
CDKN1A,cyclin dependent kinase inhibitor 1A
CDKN1B,cyclin dependent kinase inhibitor 1B
CDKN1C,cyclin dependent kinase inhibitor 1C
CDKN2A,cyclin dependent kinase inhibitor 2A
CDKN2B,cyclin dependent kinase inhibitor 2B
CDKN2C,cyclin dependent kinase inhibitor 2C
CDKN2D,cyclin dependent kinase inhibitor 2D
CDO1,cysteine dioxygenase type 1
CDSN,corneodesmosin
CDX2,caudal type homeobox 2
CDY1,chromodomain Y-linked 1
CDYL,chromodomain Y like
CDYL2,chromodomain Y like 2
CEACAM1,CEA cell adhesion molecule 1
CEACAM5,CEA cell adhesion molecule 5
CEBPA,CCAAT enhancer binding protein alpha
CEBPB,CCAAT enhancer binding protein beta
CECR2,CECR2 histone acetyl-lysine reader
CEL,carboxyl ester lipase
CELA1,chymotrypsin like elastase 1
CELA2A,chymotrypsin like elastase 2A
CELF4,CUGBP Elav-like family member 4
CEMIP2,cell migration inducing hyaluronidase 2
CENPE,centromere protein E
CEP68,centrosomal protein 68
CEPT1,choline/ethanolamine phosphotransferase 1
CERK,ceramide kinase
CERKL,CERK like autophagy regulator
CERS2,ceramide synthase 2
CERT1,ceramide transporter 1
CES1,carboxylesterase 1
CES1P1,carboxylesterase 1 pseudogene 1
CES2,carboxylesterase 2
CETP,cholesteryl ester transfer protein
CFB,complement factor B
CFD,complement factor D
CFH,complement factor H
CFHR4,complement factor H related 4
CFI,complement factor I
CFL1,cofilin 1
CFLAR,CASP8 and FADD like apoptosis regulator
CFTR,CF transmembrane conductance regulator
CGA,"glycoprotein hormones, alpha polypeptide"
CGAS,cyclic GMP-AMP synthase
CGB5,chorionic gonadotropin subunit beta 5
CHAT,choline O-acetyltransferase
CHD1,chromodomain helicase DNA binding protein 1
CHD4,chromodomain helicase DNA binding protein 4
CHDH,choline dehydrogenase
CHEK1,checkpoint kinase 1
CHEK2,checkpoint kinase 2
CHI3L1,chitinase 3 like 1
CHI3L2,chitinase 3 like 2
CHIA,chitinase acidic
CHIT1,chitinase 1
CHKA,choline kinase alpha
CHKB,choline kinase beta
CHN2,chimerin 2
CHP1,calcineurin like EF-hand protein 1
CHPT1,choline phosphotransferase 1
CHRFAM7A,CHRNA7 (exons 5-10) and FAM7A (exons A-E) fusion
CHRM1,cholinergic receptor muscarinic 1
CHRM2,cholinergic receptor muscarinic 2
CHRM3,cholinergic receptor muscarinic 3
CHRM4,cholinergic receptor muscarinic 4
CHRM5,cholinergic receptor muscarinic 5
CHRNA1,cholinergic receptor nicotinic alpha 1 subunit
CHRNA10,cholinergic receptor nicotinic alpha 10 subunit
CHRNA2,cholinergic receptor nicotinic alpha 2 subunit
CHRNA3,cholinergic receptor nicotinic alpha 3 subunit
CHRNA4,cholinergic receptor nicotinic alpha 4 subunit
CHRNA5,cholinergic receptor nicotinic alpha 5 subunit
CHRNA6,cholinergic receptor nicotinic alpha 6 subunit
CHRNA7,cholinergic receptor nicotinic alpha 7 subunit
CHRNA9,cholinergic receptor nicotinic alpha 9 subunit
CHRNB1,cholinergic receptor nicotinic beta 1 subunit
CHRNB2,cholinergic receptor nicotinic beta 2 subunit
CHRNB3,cholinergic receptor nicotinic beta 3 subunit
CHRNB4,cholinergic receptor nicotinic beta 4 subunit
CHRND,cholinergic receptor nicotinic delta subunit
CHRNE,cholinergic receptor nicotinic epsilon subunit
CHRNG,cholinergic receptor nicotinic gamma subunit
CHST1,carbohydrate sulfotransferase 1
CHST11,carbohydrate sulfotransferase 11
CHST13,carbohydrate sulfotransferase 13
CHST3,carbohydrate sulfotransferase 3
CHUK,component of inhibitor of nuclear factor kappa B kinase complex
CHURC1,churchill domain containing 1
CHURC1-FNTB,CHURC1-FNTB readthrough
CIB1,calcium and integrin binding 1
CIB2,calcium and integrin binding family member 2
CILK1,ciliogenesis associated kinase 1
CISD1,CDGSH iron sulfur domain 1
CISD2,CDGSH iron sulfur domain 2
CISH,cytokine inducible SH2 containing protein
CIT,citron rho-interacting serine/threonine kinase
CKB,creatine kinase B
CKM,"creatine kinase, M-type"
CKMT1A,"creatine kinase, mitochondrial 1A"
CKMT2,"creatine kinase, mitochondrial 2"
CKS1B,CDC28 protein kinase regulatory subunit 1B
CLASP1,cytoplasmic linker associated protein 1
CLC,Charcot-Leyden crystal galectin
CLCA1,chloride channel accessory 1
CLCC1,chloride channel CLIC like 1
CLCN1,chloride voltage-gated channel 1
CLCN2,chloride voltage-gated channel 2
CLCN3,Cl-/H+ antiporter 3
CLCN4,Cl-/H+ antiporter 4
CLCN6,Cl-/H+ antiporter 6
CLCN7,Cl-/H+ antiporter 7
CLCNKA,chloride voltage-gated channel Ka
CLCNKB,chloride voltage-gated channel Kb
CLDN16,claudin 16
CLDN3,claudin 3
CLDN7,claudin 7
CLEC14A,C-type lectin domain containing 14A
CLEC16A,C-type lectin domain containing 16A
CLEC3B,C-type lectin domain family 3 member B
CLEC4C,C-type lectin domain family 4 member C
CLEC4E,C-type lectin domain family 4 member E
CLEC4M,C-type lectin domain family 4 member M
CLIC1,CLIC family member 1
CLK1,CDC like kinase 1
CLK2,CDC like kinase 2
CLK3,CDC like kinase 3
CLK4,CDC like kinase 4
CLMN,calmin
CLN8,CLN8 transmembrane ER and ERGIC protein
CLOCK,clock circadian regulator
CLPP,caseinolytic mitochondrial matrix peptidase proteolytic subunit
CLPS,colipase
CLPX,caseinolytic mitochondrial matrix peptidase chaperone subunit X
CLTC,clathrin heavy chain
CLU,clusterin
CMA1,chymase 1
CMAS,cytidine monophosphate N-acetylneuraminic acid synthetase
CMKLR1,chemerin chemokine-like receptor 1
CMKLR2,chemerin chemokine-like receptor 2
CMPK1,cytidine/uridine monophosphate kinase 1
CMTM8,CKLF like MARVEL transmembrane domain containing 8
CMTR1,cap methyltransferase 1
CNGA1,cyclic nucleotide gated channel subunit alpha 1
CNGA2,cyclic nucleotide gated channel subunit alpha 2
CNGA3,cyclic nucleotide gated channel subunit alpha 3
CNGB1,cyclic nucleotide gated channel subunit beta 1
CNIH3,cornichon family AMPA receptor auxiliary protein 3
CNKSR1,connector enhancer of kinase suppressor of Ras 1
CNN1,calponin 1
CNNM2,cyclin and CBS domain divalent metal cation transport mediator 2
CNOT7,CCR4-NOT transcription complex subunit 7
CNR1,cannabinoid receptor 1
CNR2,cannabinoid receptor 2
CNTF,ciliary neurotrophic factor
CNTFR,ciliary neurotrophic factor receptor
CNTN1,contactin 1
CNTN4,contactin 4
COCH,cochlin
COIL,coilin
COL10A1,collagen type X alpha 1 chain
COL11A1,collagen type XI alpha 1 chain
COL11A2,collagen type XI alpha 2 chain
COL12A1,collagen type XII alpha 1 chain
COL13A1,collagen type XIII alpha 1 chain
COL15A1,collagen type XV alpha 1 chain
COL16A1,collagen type XVI alpha 1 chain
COL17A1,collagen type XVII alpha 1 chain
COL18A1,collagen type XVIII alpha 1 chain
COL19A1,collagen type XIX alpha 1 chain
COL1A1,collagen type I alpha 1 chain
COL1A2,collagen type I alpha 2 chain
COL22A1,collagen type XXII alpha 1 chain
COL26A1,collagen type XXVI alpha 1 chain
COL2A1,collagen type II alpha 1 chain
COL4A1,collagen type IV alpha 1 chain
COL6A2,collagen type VI alpha 2 chain
COL6A3,collagen type VI alpha 3 chain
COL7A1,collagen type VII alpha 1 chain
COL8A1,collagen type VIII alpha 1 chain
COL8A2,collagen type VIII alpha 2 chain
COL9A1,collagen type IX alpha 1 chain
COL9A2,collagen type IX alpha 2 chain
COL9A3,collagen type IX alpha 3 chain
COLEC10,collectin subfamily member 10
COMP,cartilage oligomeric matrix protein
COMT,catechol-O-methyltransferase
COMTD1,catechol-O-methyltransferase domain containing 1
COPA,coat protein complex I subunit alpha
COPG1,coat protein complex I subunit gamma 1
COPS5,COP9 signalosome subunit 5
COQ8A,coenzyme Q8A
COQ8B,coenzyme Q8B
CORO7,coronin 7
CORT,cortistatin
COX10,cytochrome c oxidase assembly factor heme A:farnesyltransferase COX10
COX11,cytochrome c oxidase copper chaperone COX11
COX17,cytochrome c oxidase copper chaperone COX17
COX4I1,cytochrome c oxidase subunit 4I1
COX5A,cytochrome c oxidase subunit 5A
COX5B,cytochrome c oxidase subunit 5B
COX6A1,cytochrome c oxidase subunit 6A1
COX6A2,cytochrome c oxidase subunit 6A2
COX6B1,cytochrome c oxidase subunit 6B1
COX6C,cytochrome c oxidase subunit 6C
COX7A1,cytochrome c oxidase subunit 7A1
COX7B,cytochrome c oxidase subunit 7B
COX7C,cytochrome c oxidase subunit 7C
COX8A,cytochrome c oxidase subunit 8A
CP,ceruloplasmin
CPA1,carboxypeptidase A1
CPA2,carboxypeptidase A2
CPA3,carboxypeptidase A3
CPA4,carboxypeptidase A4
CPA6,carboxypeptidase A6
CPB1,carboxypeptidase B1
CPB2,carboxypeptidase B2
CPD,carboxypeptidase D
CPE,carboxypeptidase E
CPM,carboxypeptidase M
CPN1,carboxypeptidase N subunit 1
CPN2,carboxypeptidase N subunit 2
CPNE1,copine 1
CPOX,coproporphyrinogen oxidase
CPQ,carboxypeptidase Q
CPS1,carbamoyl-phosphate synthase 1
CPT1A,carnitine palmitoyltransferase 1A
CPT1B,carnitine palmitoyltransferase 1B
CPT2,carnitine palmitoyltransferase 2
CR1,complement C3b/C4b receptor 1 (Knops blood group)
CR2,complement C3d receptor 2
CRABP1,cellular retinoic acid binding protein 1
CRABP2,cellular retinoic acid binding protein 2
CRAT,carnitine O-acetyltransferase
CRBN,cereblon
CREB1,cAMP responsive element binding protein 1
CREBBP,CREB binding lysine acetyltransferase
CREBL2,cAMP responsive element binding protein like 2
CRH,corticotropin releasing hormone
CRHBP,corticotropin releasing hormone binding protein
CRHR1,corticotropin releasing hormone receptor 1
CRHR2,corticotropin releasing hormone receptor 2
CRIP1,cysteine rich protein 1
CRIP2,cysteine rich protein 2
CRISPLD2,cysteine rich secretory protein LCCL domain containing 2
CRK,"CRK proto-oncogene, adaptor protein"
CRKL,"CRK like proto-oncogene, adaptor protein"
CRMP1,collapsin response mediator protein 1
CROT,carnitine O-octanoyltransferase
CRP,C-reactive protein
CRTC1,CREB regulated transcription coactivator 1
CRTC2,CREB regulated transcription coactivator 2
CRY1,cryptochrome circadian regulator 1
CRY2,cryptochrome circadian regulator 2
CRYAA,crystallin alpha A
CRYAB,crystallin alpha B
CRYBB3,crystallin beta B3
CRYBG2,crystallin beta-gamma domain containing 2
CRYGA,crystallin gamma A
CRYGB,crystallin gamma B
CRYGC,crystallin gamma C
CRYZ,crystallin zeta
CS,citrate synthase
CSAD,cysteine sulfinic acid decarboxylase
CSE1L,chromosome segregation 1 like
CSF1,colony stimulating factor 1
CSF1R,colony stimulating factor 1 receptor
CSF2,colony stimulating factor 2
CSF2RB,colony stimulating factor 2 receptor subunit beta
CSF3,colony stimulating factor 3
CSF3R,colony stimulating factor 3 receptor
CSGALNACT1,chondroitin sulfate N-acetylgalactosaminyltransferase 1
CSH2,chorionic somatomammotropin hormone 2
CSHL1,chorionic somatomammotropin hormone like 1
CSK,C-terminal Src kinase
CSMD1,CUB and Sushi multiple domains 1
CSN1S1,casein alpha s1
CSN2,casein beta
CSN3,casein kappa
CSNK1A1,casein kinase 1 alpha 1
CSNK1A1L,casein kinase 1 alpha 1 like
CSNK1D,casein kinase 1 delta
CSNK1E,casein kinase 1 epsilon
CSNK1G1,casein kinase 1 gamma 1
CSNK1G2,casein kinase 1 gamma 2
CSNK1G3,casein kinase 1 gamma 3
CSNK2A1,casein kinase 2 alpha 1
CSNK2A2,casein kinase 2 alpha 2
CSNK2A3,casein kinase 2 alpha 3
CSNK2B,casein kinase 2 beta
CSPG4,chondroitin sulfate proteoglycan 4
CSRP1,cysteine and glycine rich protein 1
CSRP2,cysteine and glycine rich protein 2
CST1,cystatin SN
CST2,cystatin SA
CST3,cystatin C
CSTB,cystatin B
CSTF1,cleavage stimulation factor subunit 1
CSTF3,cleavage stimulation factor subunit 3
CTAG1B,cancer/testis antigen 1B
CTBP1,C-terminal binding protein 1
CTBP2,C-terminal binding protein 2
CTBS,chitobiase
CTDSP1,CTD small phosphatase 1
CTF1,cardiotrophin 1
CTH,cystathionine gamma-lyase
CTLA4,cytotoxic T-lymphocyte associated protein 4
CTNNA1,catenin alpha 1
CTNNA2,catenin alpha 2
CTNNB1,catenin beta 1
CTNND1,catenin delta 1
CTNND2,catenin delta 2
CTNS,"cystinosin, lysosomal cystine transporter"
CTPS1,CTP synthase 1
CTPS2,CTP synthase 2
CTRB1,chymotrypsinogen B1
CTRB2,chymotrypsinogen B2
CTRC,chymotrypsin C
CTRL,chymotrypsin like
CTSA,cathepsin A
CTSB,cathepsin B
CTSC,cathepsin C
CTSD,cathepsin D
CTSE,cathepsin E
CTSF,cathepsin F
CTSG,cathepsin G
CTSH,cathepsin H
CTSK,cathepsin K
CTSL,cathepsin L
CTSO,cathepsin O
CTSS,cathepsin S
CTSV,cathepsin V
CTSW,cathepsin W
CTSZ,cathepsin Z
CTTN,cortactin
CUBN,cubilin
CUL4A,cullin 4A
CUX1,cut like homeobox 1
CUX2,cut like homeobox 2
CX3CR1,C-X3-C motif chemokine receptor 1
CXADR,CXADR cell adhesion molecule
CXCL1,C-X-C motif chemokine ligand 1
CXCL10,C-X-C motif chemokine ligand 10
CXCL12,C-X-C motif chemokine ligand 12
CXCL2,C-X-C motif chemokine ligand 2
CXCL8,C-X-C motif chemokine ligand 8
CXCR1,C-X-C motif chemokine receptor 1
CXCR2,C-X-C motif chemokine receptor 2
CXCR3,C-X-C motif chemokine receptor 3
CXCR4,C-X-C motif chemokine receptor 4
CXCR5,C-X-C motif chemokine receptor 5
CXCR6,C-X-C motif chemokine receptor 6
CYB561,cytochrome b561
CYB5A,cytochrome b5 type A
CYB5B,cytochrome b5 type B
CYB5R1,cytochrome b5 reductase 1
CYB5R2,cytochrome b5 reductase 2
CYB5R3,cytochrome b5 reductase 3
CYB5R4,cytochrome b5 reductase 4
CYBA,cytochrome b-245 alpha chain
CYBB,cytochrome b-245 beta chain
CYBRD1,cytochrome b reductase 1
CYC1,cytochrome c1
CYCS,"cytochrome c, somatic"
CYCSP5,CYCS pseudogene 5
CYLC1,cylicin 1
CYP11A1,cytochrome P450 family 11 subfamily A member 1
CYP11B1,cytochrome P450 family 11 subfamily B member 1
CYP11B2,cytochrome P450 family 11 subfamily B member 2
CYP17A1,cytochrome P450 family 17 subfamily A member 1
CYP19A1,cytochrome P450 family 19 subfamily A member 1
CYP1A1,cytochrome P450 family 1 subfamily A member 1
CYP1A2,cytochrome P450 family 1 subfamily A member 2
CYP1B1,cytochrome P450 family 1 subfamily B member 1
CYP20A1,cytochrome P450 family 20 subfamily A member 1
CYP21A2,cytochrome P450 family 21 subfamily A member 2
CYP24A1,cytochrome P450 family 24 subfamily A member 1
CYP26A1,cytochrome P450 family 26 subfamily A member 1
CYP26B1,cytochrome P450 family 26 subfamily B member 1
CYP26C1,cytochrome P450 family 26 subfamily C member 1
CYP27A1,cytochrome P450 family 27 subfamily A member 1
CYP27B1,cytochrome P450 family 27 subfamily B member 1
CYP2A13,cytochrome P450 family 2 subfamily A member 13
CYP2A6,cytochrome P450 family 2 subfamily A member 6
CYP2A7,cytochrome P450 family 2 subfamily A member 7
CYP2A7P1,cytochrome P450 family 2 subfamily A member 7 pseudogene 1
CYP2B6,cytochrome P450 family 2 subfamily B member 6
CYP2C18,cytochrome P450 family 2 subfamily C member 18
CYP2C19,cytochrome P450 family 2 subfamily C member 19
CYP2C8,cytochrome P450 family 2 subfamily C member 8
CYP2C9,cytochrome P450 family 2 subfamily C member 9
CYP2D6,cytochrome P450 family 2 subfamily D member 6 (gene/pseudogene)
CYP2E1,cytochrome P450 family 2 subfamily E member 1
CYP2F1,cytochrome P450 family 2 subfamily F member 1
CYP2J2,cytochrome P450 family 2 subfamily J member 2
CYP2R1,cytochrome P450 family 2 subfamily R member 1
CYP3A4,cytochrome P450 family 3 subfamily A member 4
CYP3A43,cytochrome P450 family 3 subfamily A member 43
CYP3A5,cytochrome P450 family 3 subfamily A member 5
CYP3A7,cytochrome P450 family 3 subfamily A member 7
CYP3A7-CYP3A51P,CYP3A7-CYP3A51P readthrough
CYP46A1,cytochrome P450 family 46 subfamily A member 1
CYP4A11,cytochrome P450 family 4 subfamily A member 11
CYP4B1,cytochrome P450 family 4 subfamily B member 1
CYP4F11,cytochrome P450 family 4 subfamily F member 11
CYP4F12,cytochrome P450 family 4 subfamily F member 12
CYP4F2,cytochrome P450 family 4 subfamily F member 2
CYP4F3,cytochrome P450 family 4 subfamily F member 3
CYP4X1,cytochrome P450 family 4 subfamily X member 1
CYP4Z1,cytochrome P450 family 4 subfamily Z member 1
CYP51A1,cytochrome P450 family 51 subfamily A member 1
CYP7A1,cytochrome P450 family 7 subfamily A member 1
CYP7B1,cytochrome P450 family 7 subfamily B member 1
CYP8B1,cytochrome P450 family 8 subfamily B member 1
CYSLTR1,cysteinyl leukotriene receptor 1
CYSLTR2,cysteinyl leukotriene receptor 2
CYTH2,cytohesin 2
CYTH3,cytohesin 3
DAB2IP,DAB2 interacting protein
DAG1,dystroglycan 1
DAGLA,diacylglycerol lipase alpha
DAGLB,diacylglycerol lipase beta
DAND5,DAN domain BMP antagonist family member 5
DAO,D-amino acid oxidase
DAOA,D-amino acid oxidase activator
DAP,death associated protein
DAPK1,death associated protein kinase 1
DAPK2,death associated protein kinase 2
DAPK3,death associated protein kinase 3
DAPP1,dual adaptor of phosphotyrosine and 3-phosphoinositides 1
DARS1,aspartyl-tRNA synthetase 1
DARS2,"aspartyl-tRNA synthetase 2, mitochondrial"
DAXX,death domain associated protein
DAZ1,deleted in azoospermia 1
DAZL,deleted in azoospermia like
DBF4,DBF4-CDC7 kinase regulatory subunit
DBH,dopamine beta-hydroxylase
DBI,"diazepam binding inhibitor, acyl-CoA binding protein"
DBN1,drebrin 1
DBP,D-box binding PAR bZIP transcription factor
DBT,dihydrolipoamide branched chain transacylase E2
DCAF1,DDB1 and CUL4 associated factor 1
DCBLD1,"discoidin, CUB and LCCL domain containing 1"
DCC,DCC netrin 1 receptor
DCD,dermcidin
DCK,deoxycytidine kinase
DCLK1,doublecortin like kinase 1
DCLK2,doublecortin like kinase 2
DCLK3,doublecortin like kinase 3
DCLRE1A,DNA cross-link repair 1A
DCLRE1B,DNA cross-link repair 1B
DCLRE1C,DNA cross-link repair 1C
DCN,decorin
DCP1B,decapping mRNA 1B
DCPS,"decapping enzyme, scavenger"
DCT,dopachrome tautomerase
DCTD,dCMP deaminase
DCTN1,dynactin subunit 1
DCTPP1,dCTP pyrophosphatase 1
DCUN1D1,defective in cullin neddylation 1 domain containing 1
DCUN1D2,defective in cullin neddylation 1 domain containing 2
DCUN1D3,defective in cullin neddylation 1 domain containing 3
DCUN1D4,defective in cullin neddylation 1 domain containing 4
DCUN1D5,defective in cullin neddylation 1 domain containing 5
DCX,doublecortin
DCXR,dicarbonyl and L-xylulose reductase
DDAH1,dimethylarginine dimethylaminohydrolase 1
DDAH2,"DDAH family member 2, ADMA-independent"
DDB1,damage specific DNA binding protein 1
DDC,dopa decarboxylase
DDHD1,DDHD domain containing 1
DDIT3,DNA damage inducible transcript 3
DDIT4,DNA damage inducible transcript 4
DDO,D-aspartate oxidase
DDOST,dolichyl-diphosphooligosaccharide--protein glycosyltransferase non-catalytic subunit
DDR1,discoidin domain receptor tyrosine kinase 1
DDR2,discoidin domain receptor tyrosine kinase 2
DDX1,DEAD-box helicase 1
DDX10,DEAD-box helicase 10
DDX39B,DExD-box helicase 39B
DDX3X,DEAD-box helicase 3 X-linked
DDX42,DEAD-box helicase 42
DDX5,DEAD-box helicase 5
DDX53,DEAD-box helicase 53
DDX6,DEAD-box helicase 6
DECR1,"2,4-dienoyl-CoA reductase 1"
DEFA1,defensin alpha 1
DEFA5,defensin alpha 5
DEFB4A,defensin beta 4A
DEGS1,"delta 4-desaturase, sphingolipid 1"
DEPTOR,DEP domain containing MTOR interacting protein
DES,desmin
DFFB,DNA fragmentation factor subunit beta
DGAT1,diacylglycerol O-acyltransferase 1
DGAT2,diacylglycerol O-acyltransferase 2
DGKA,diacylglycerol kinase alpha
DGKB,diacylglycerol kinase beta
DGKD,diacylglycerol kinase delta
DGKE,diacylglycerol kinase epsilon
DGKG,diacylglycerol kinase gamma
DGKH,diacylglycerol kinase eta
DGKI,diacylglycerol kinase iota
DGKK,diacylglycerol kinase kappa
DGKQ,diacylglycerol kinase theta
DGKZ,diacylglycerol kinase zeta
DGUOK,deoxyguanosine kinase
DHCR24,24-dehydrocholesterol reductase
DHCR7,7-dehydrocholesterol reductase
DHFR,dihydrofolate reductase
DHFR2,dihydrofolate reductase 2
DHFRP1,dihydrofolate reductase pseudogene 1
DHODH,dihydroorotate dehydrogenase (quinone)
DHPS,deoxyhypusine synthase
DHRS11,dehydrogenase/reductase 11
DHRS4L1,dehydrogenase/reductase 4 like 1 (pseudogene)
DHRS4L2,dehydrogenase/reductase 4 like 2
DHRS9,dehydrogenase/reductase 9
DHX30,DExH-box helicase 30
DHX36,DEAH-box helicase 36
DHX9,DExH-box helicase 9
DIABLO,diablo IAP-binding mitochondrial protein
DIAPH3,diaphanous related formin 3
DIO3,iodothyronine deiodinase 3
DKK1,dickkopf Wnt signaling pathway inhibitor 1
DLAT,dihydrolipoamide S-acetyltransferase
DLD,dihydrolipoamide dehydrogenase
DLG2,discs large MAGUK scaffold protein 2
DLG4,discs large MAGUK scaffold protein 4
DLG5,discs large MAGUK scaffold protein 5
DLK1,delta like non-canonical Notch ligand 1
DLX3,distal-less homeobox 3
DLX4,distal-less homeobox 4
DLX5,distal-less homeobox 5
DLX6,distal-less homeobox 6
DMC1,DNA meiotic recombinase 1
DMD,dystrophin
DMP1,dentin matrix acidic phosphoprotein 1
DMPK,DM1 protein kinase
DMTN,dematin actin binding protein
DMWD,"DM1 locus, WD repeat containing"
DMXL1,Dmx like 1
DNA2,DNA replication helicase/nuclease 2
DNAAF9,dynein axonemal assembly factor 9
DNAH6,dynein axonemal heavy chain 6
DNAH9,dynein axonemal heavy chain 9
DNAJA1,DnaJ heat shock protein family (Hsp40) member A1
DNASE1,deoxyribonuclease 1
DNASE1L3,deoxyribonuclease 1L3
DNM1,dynamin 1
DNM1L,dynamin 1 like
DNM2,dynamin 2
DNMT1,DNA methyltransferase 1
DNMT3A,DNA methyltransferase 3 alpha
DNMT3B,DNA methyltransferase 3 beta
DNMT3L,DNA methyltransferase 3 like
DNPEP,aspartyl aminopeptidase
DNPH1,2'-deoxynucleoside 5'-phosphate N-hydrolase 1
DNTT,DNA nucleotidylexotransferase
DOCK2,dedicator of cytokinesis 2
DOCK3,dedicator of cytokinesis 3
DOCK5,dedicator of cytokinesis 5
DOCK8,dedicator of cytokinesis 8
DOHH,deoxyhypusine hydroxylase
DOK5,docking protein 5
DOT1L,DOT1 like histone lysine methyltransferase
DPAGT1,dolichyl-phosphate N-acetylglucosaminephosphotransferase 1
DPEP1,dipeptidase 1
DPH1,diphthamide biosynthesis 1
DPH2,diphthamide biosynthesis 2
DPH5,diphthamide biosynthesis 5
DPP3,dipeptidyl peptidase 3
DPP4,dipeptidyl peptidase 4
DPP6,dipeptidyl peptidase like 6
DPP7,dipeptidyl peptidase 7
DPP8,dipeptidyl peptidase 8
DPP9,dipeptidyl peptidase 9
DPT,dermatopontin
DPY30,dpy-30 histone methyltransferase complex regulatory subunit
DPYD,dihydropyrimidine dehydrogenase
DPYS,dihydropyrimidinase
DPYSL2,dihydropyrimidinase like 2
DPYSL3,dihydropyrimidinase like 3
DR1,down-regulator of transcription 1
DRAM1,DNA damage regulated autophagy modulator 1
DRD1,dopamine receptor D1
DRD2,dopamine receptor D2
DRD3,dopamine receptor D3
DRD4,dopamine receptor D4
DRD5,dopamine receptor D5
DRG2,developmentally regulated GTP binding protein 2
DRP2,dystrophin related protein 2
DSC1,desmocollin 1
DSC2,desmocollin 2
DSC3,desmocollin 3
DSCAM,DS cell adhesion molecule
DSE,dermatan sulfate epimerase
DSG1,desmoglein 1
DSG3,desmoglein 3
DSP,desmoplakin
DST,dystonin
DSTN,"destrin, actin depolymerizing factor"
DSTYK,dual serine/threonine and tyrosine protein kinase
DTNA,dystrobrevin alpha
DTNB,dystrobrevin beta
DTNBP1,dystrobrevin binding protein 1
DTX1,deltex E3 ubiquitin ligase 1
DTYMK,deoxythymidylate kinase
DUOX2,dual oxidase 2
DUS2,dihydrouridine synthase 2
DUSP1,dual specificity phosphatase 1
DUSP10,dual specificity phosphatase 10
DUSP14,dual specificity phosphatase 14
DUSP15,dual specificity phosphatase 15
DUSP2,dual specificity phosphatase 2
DUSP22,dual specificity phosphatase 22
DUSP23,dual specificity phosphatase 23
DUSP26,dual specificity phosphatase 26
DUSP3,dual specificity phosphatase 3
DUSP4,dual specificity phosphatase 4
DUSP5,dual specificity phosphatase 5
DUSP6,dual specificity phosphatase 6
DUT,deoxyuridine triphosphatase
DUX1,double homeobox 1
DVL1,dishevelled segment polarity protein 1
DVL2,dishevelled segment polarity protein 2
DVL3,dishevelled segment polarity protein 3
DXO,decapping exoribonuclease
DYNC2H1,dynein cytoplasmic 2 heavy chain 1
DYRK1A,dual specificity tyrosine phosphorylation regulated kinase 1A
DYRK1B,dual specificity tyrosine phosphorylation regulated kinase 1B
DYRK2,dual specificity tyrosine phosphorylation regulated kinase 2
DYRK3,dual specificity tyrosine phosphorylation regulated kinase 3
DYRK4,dual specificity tyrosine phosphorylation regulated kinase 4
E2F1,E2F transcription factor 1
E2F7,E2F transcription factor 7
EARS2,"glutamyl-tRNA synthetase 2, mitochondrial"
EBF1,EBF transcription factor 1
EBP,EBP cholestenol delta-isomerase
EBPL,EBP like
ECE1,endothelin converting enzyme 1
ECE2,endothelin converting enzyme 2
ECH1,enoyl-CoA hydratase 1
ECHS1,"enoyl-CoA hydratase, short chain 1"
ECI1,enoyl-CoA delta isomerase 1
ECI2,enoyl-CoA delta isomerase 2
ECM2,extracellular matrix protein 2
EDN1,endothelin 1
EDNRA,endothelin receptor type A
EDNRB,endothelin receptor type B
EEA1,early endosome antigen 1
EED,embryonic ectoderm development
EEF1A1,eukaryotic translation elongation factor 1 alpha 1
EEF1A2,eukaryotic translation elongation factor 1 alpha 2
EEF1AKMT4-ECE2,EEF1AKMT4-ECE2 readthrough
EEF1B2,eukaryotic translation elongation factor 1 beta 2
EEF1D,eukaryotic translation elongation factor 1 delta
EEF1G,eukaryotic translation elongation factor 1 gamma
EEF2,eukaryotic translation elongation factor 2
EEF2K,eukaryotic elongation factor 2 kinase
EFL1,elongation factor like GTPase 1
EFNA1,ephrin A1
EFNA2,ephrin A2
EFNA3,ephrin A3
EFNA4,ephrin A4
EFNA5,ephrin A5
EFNB1,ephrin B1
EFNB2,ephrin B2
EFNB3,ephrin B3
EFR3A,EFR3 homolog A
EGF,epidermal growth factor
EGFR,epidermal growth factor receptor
EGLN1,egl-9 family hypoxia inducible factor 1
EGLN2,egl-9 family hypoxia inducible factor 2
EGLN3,egl-9 family hypoxia inducible factor 3
EGR1,early growth response 1
EGR2,early growth response 2
EGR3,early growth response 3
EGR4,early growth response 4
EHD1,EH domain containing 1
EHF,ETS homologous factor
EHHADH,enoyl-CoA hydratase and 3-hydroxyacyl CoA dehydrogenase
EHMT1,euchromatic histone lysine methyltransferase 1
EHMT2,euchromatic histone lysine methyltransferase 2
EIF2AK1,eukaryotic translation initiation factor 2 alpha kinase 1
EIF2AK2,eukaryotic translation initiation factor 2 alpha kinase 2
EIF2AK3,eukaryotic translation initiation factor 2 alpha kinase 3
EIF2AK4,eukaryotic translation initiation factor 2 alpha kinase 4
EIF2B1,eukaryotic translation initiation factor 2B subunit alpha
EIF2S1,eukaryotic translation initiation factor 2 subunit alpha
EIF3F,eukaryotic translation initiation factor 3 subunit F
EIF4A1,eukaryotic translation initiation factor 4A1
EIF4A3,eukaryotic translation initiation factor 4A3
EIF4B,eukaryotic translation initiation factor 4B
EIF4E,eukaryotic translation initiation factor 4E
EIF4E2,eukaryotic translation initiation factor 4E family member 2
EIF4EBP1,eukaryotic translation initiation factor 4E binding protein 1
EIF4EBP2,eukaryotic translation initiation factor 4E binding protein 2
EIF4G1,eukaryotic translation initiation factor 4 gamma 1
EIF4G2,eukaryotic translation initiation factor 4 gamma 2
EIF4H,eukaryotic translation initiation factor 4H
EIF5,eukaryotic translation initiation factor 5
EIF5B,eukaryotic translation initiation factor 5B
EIF6,eukaryotic translation initiation factor 6
ELANE,"elastase, neutrophil expressed"
ELAVL1,ELAV like RNA binding protein 1
ELAVL2,ELAV like RNA binding protein 2
ELAVL3,ELAV like RNA binding protein 3
ELF1,E74 like ETS transcription factor 1
ELF2,E74 like ETS transcription factor 2
ELF3,E74 like ETS transcription factor 3
ELF4,E74 like ETS transcription factor 4
ELF5,E74 like ETS transcription factor 5
ELK1,ETS transcription factor ELK1
ELK3,ETS transcription factor ELK3
ELK4,ETS transcription factor ELK4
ELN,elastin
ELOVL1,ELOVL fatty acid elongase 1
ELOVL2,ELOVL fatty acid elongase 2
ELOVL3,ELOVL fatty acid elongase 3
ELOVL5,ELOVL fatty acid elongase 5
ELOVL6,ELOVL fatty acid elongase 6
ELP5,elongator acetyltransferase complex subunit 5
ELSPBP1,epididymal sperm binding protein 1
EMD,emerin
EMG1,EMG1 N1-specific pseudouridine methyltransferase
EML1,EMAP like 1
EML4,EMAP like 4
EMP1,epithelial membrane protein 1
EMP2,epithelial membrane protein 2
EMP3,epithelial membrane protein 3 (MAM blood group)
EMX1,empty spiracles homeobox 1
EMX2,empty spiracles homeobox 2
EN1,engrailed homeobox 1
EN2,engrailed homeobox 2
ENG,endoglin
ENGASE,endo-beta-N-acetylglucosaminidase
ENO1,enolase 1
ENO2,enolase 2
ENO3,enolase 3
ENOPH1,enolase-phosphatase 1
ENOSF1,enolase superfamily member 1
ENOX2,ecto-NOX disulfide-thiol exchanger 2
ENPEP,glutamyl aminopeptidase
ENPP1,ectonucleotide pyrophosphatase/phosphodiesterase 1
ENPP2,ectonucleotide pyrophosphatase/phosphodiesterase 2
ENPP3,ectonucleotide pyrophosphatase/phosphodiesterase 3
ENSA,endosulfine alpha
ENTPD1,ectonucleoside triphosphate diphosphohydrolase 1
ENTPD2,ectonucleoside triphosphate diphosphohydrolase 2
ENTPD3,ectonucleoside triphosphate diphosphohydrolase 3
ENTPD5,ectonucleoside triphosphate diphosphohydrolase 5 (inactive)
ENTPD8,ectonucleoside triphosphate diphosphohydrolase 8
EOMES,eomesodermin
EP300,EP300 lysine acetyltransferase
EPAS1,endothelial PAS domain protein 1
EPB41,erythrocyte membrane protein band 4.1
EPCAM,epithelial cell adhesion molecule
EPHA1,EPH receptor A1
EPHA2,EPH receptor A2
EPHA3,EPH receptor A3
EPHA4,EPH receptor A4
EPHA5,EPH receptor A5
EPHA6,EPH receptor A6
EPHA7,EPH receptor A7
EPHA8,EPH receptor A8
EPHB1,EPH receptor B1
EPHB2,EPH receptor B2
EPHB3,EPH receptor B3
EPHB4,EPH receptor B4
EPHB6,EPH receptor B6
EPHX1,epoxide hydrolase 1
EPHX2,epoxide hydrolase 2
EPM2A,"EPM2A glucan phosphatase, laforin"
EPM2AIP1,EPM2A interacting protein 1
EPN1,epsin 1
EPO,erythropoietin
EPOR,erythropoietin receptor
EPRS1,glutamyl-prolyl-tRNA synthetase 1
EPS15,epidermal growth factor receptor pathway substrate 15
EPS8,"EGFR pathway substrate 8, signaling adaptor"
EPX,eosinophil peroxidase
EPYC,epiphycan
ERAP1,endoplasmic reticulum aminopeptidase 1
ERAP2,endoplasmic reticulum aminopeptidase 2
ERBB2,erb-b2 receptor tyrosine kinase 2
ERBB3,erb-b2 receptor tyrosine kinase 3
ERBB4,erb-b2 receptor tyrosine kinase 4
ERCC1,"ERCC excision repair 1, endonuclease non-catalytic subunit"
ERCC2,"ERCC excision repair 2, TFIIH core complex helicase subunit"
ERCC3,"ERCC excision repair 3, TFIIH core complex helicase subunit"
ERCC4,"ERCC excision repair 4, endonuclease catalytic subunit"
ERCC5,"ERCC excision repair 5, endonuclease"
ERCC6,"ERCC excision repair 6, chromatin remodeling factor"
ERCC8,"ERCC excision repair 8, CSA ubiquitin ligase complex subunit"
EREG,epiregulin
ERF,ETS2 repressor factor
ERG,ETS transcription factor ERG
ERICH3,glutamate rich 3
ERN1,endoplasmic reticulum to nucleus signaling 1
ERN2,endoplasmic reticulum to nucleus signaling 2
ERO1A,endoplasmic reticulum oxidoreductase 1 alpha
ERO1B,endoplasmic reticulum oxidoreductase 1 beta
ERV3-1,"endogenous retrovirus group 3 member 1, envelope"
ESD,esterase D
ESR1,estrogen receptor 1
ESR2,estrogen receptor 2
ESRRA,estrogen related receptor alpha
ESRRB,estrogen related receptor beta
ESRRG,estrogen related receptor gamma
ESYT2,extended synaptotagmin 2
ETFB,electron transfer flavoprotein subunit beta
ETFDH,electron transfer flavoprotein dehydrogenase
ETS2,"ETS proto-oncogene 2, transcription factor"
ETV2,ETS variant transcription factor 2
ETV3,ETS variant transcription factor 3
ETV4,ETS variant transcription factor 4
ETV6,ETS variant transcription factor 6
EVC,EvC ciliary complex subunit 1
EVPL,envoplakin
EWSR1,EWS RNA binding protein 1
EXO1,exonuclease 1
EXOC4,exocyst complex component 4
EXT2,exostosin glycosyltransferase 2
EXTL1,exostosin like glycosyltransferase 1
EXTL2,exostosin like glycosyltransferase 2
EXTL3,exostosin like glycosyltransferase 3
EYA1,EYA transcriptional coactivator and phosphatase 1
EYA2,EYA transcriptional coactivator and phosphatase 2
EYA3,EYA transcriptional coactivator and phosphatase 3
EYA4,EYA transcriptional coactivator and phosphatase 4
EZH1,enhancer of zeste 1 polycomb repressive complex 2 subunit
EZH2,enhancer of zeste 2 polycomb repressive complex 2 subunit
EZR,ezrin
F10,coagulation factor X
F11,coagulation factor XI
F12,coagulation factor XII
F13A1,coagulation factor XIII A chain
F13B,coagulation factor XIII B chain
F2,"coagulation factor II, thrombin"
F2R,coagulation factor II thrombin receptor
F2RL1,F2R like trypsin receptor 1
F2RL2,coagulation factor II thrombin receptor like 2
F2RL3,F2R like thrombin or trypsin receptor 3
F3,"coagulation factor III, tissue factor"
F5,coagulation factor V
F7,coagulation factor VII
F8,coagulation factor VIII
F9,coagulation factor IX
FAAH,fatty acid amide hydrolase
FAAH2,fatty acid amide hydrolase 2
FABP1,fatty acid binding protein 1
FABP2,fatty acid binding protein 2
FABP3,fatty acid binding protein 3
FABP4,fatty acid binding protein 4
FABP5,fatty acid binding protein 5
FABP6,fatty acid binding protein 6
FABP7,fatty acid binding protein 7
FADS1,fatty acid desaturase 1
FADS2,fatty acid desaturase 2
FAH,fumarylacetoacetate hydrolase
FAM177A1,family with sequence similarity 177 member A1
FAM178B,family with sequence similarity 178 member B
FAM20C,FAM20C golgi associated secretory pathway kinase
FANCA,FA complementation group A
FANCC,FA complementation group C
FANCD2,FA complementation group D2
FANCF,FA complementation group F
FANCG,FA complementation group G
FAP,fibroblast activation protein alpha
FARP2,"FERM, ARH/RhoGEF and pleckstrin domain protein 2"
FARS2,"phenylalanyl-tRNA synthetase 2, mitochondrial"
FARSA,phenylalanyl-tRNA synthetase subunit alpha
FARSB,phenylalanyl-tRNA synthetase subunit beta
FAS,Fas cell surface death receptor
FASLG,Fas ligand
FASN,fatty acid synthase
FASTKD3,FAST kinase domains 3
FAT1,FAT atypical cadherin 1
FAU,FAU ubiquitin like and ribosomal protein S30 fusion
FBLN2,fibulin 2
FBN1,fibrillin 1
FBN2,fibrillin 2
FBN3,fibrillin 3
FBP1,fructose-bisphosphatase 1
FBP2,fructose-bisphosphatase 2
FBXL17,F-box and leucine rich repeat protein 17
FBXO3,F-box protein 3
FBXO41,F-box protein 41
FBXW7,F-box and WD repeat domain containing 7
FCAR,Fc alpha receptor
FCER1A,Fc epsilon receptor Ia
FCER1G,Fc epsilon receptor Ig
FCER2,Fc epsilon receptor II
FCGR1A,Fc gamma receptor Ia
FCGR2A,Fc gamma receptor IIa
FCGR2B,Fc gamma receptor IIb
FCGR3A,Fc gamma receptor IIIa
FCGR3B,Fc gamma receptor IIIb
FCGRT,Fc gamma receptor and transporter
FCHSD1,FCH and double SH3 domains 1
FCN1,ficolin 1
FCN2,ficolin 2
FCN3,ficolin 3
FDFT1,farnesyl-diphosphate farnesyltransferase 1
FDPS,farnesyl diphosphate synthase
FDX1,ferredoxin 1
FDXR,ferredoxin reductase
FECH,ferrochelatase
FEN1,flap structure-specific endonuclease 1
FER,FER tyrosine kinase
FES,"FES proto-oncogene, tyrosine kinase"
FFAR1,free fatty acid receptor 1
FFAR2,free fatty acid receptor 2
FFAR3,free fatty acid receptor 3
FFAR4,free fatty acid receptor 4
FGA,fibrinogen alpha chain
FGB,fibrinogen beta chain
FGD1,"FYVE, RhoGEF and PH domain containing 1"
FGD4,"FYVE, RhoGEF and PH domain containing 4"
FGF1,fibroblast growth factor 1
FGF12,fibroblast growth factor 12
FGF13,fibroblast growth factor 13
FGF14,fibroblast growth factor 14
FGF2,fibroblast growth factor 2
FGF22,fibroblast growth factor 22
FGF23,fibroblast growth factor 23
FGF3,fibroblast growth factor 3
FGF4,fibroblast growth factor 4
FGF6,fibroblast growth factor 6
FGF7,fibroblast growth factor 7
FGFR1,fibroblast growth factor receptor 1
FGFR1OP2,FGFR1 oncogene partner 2
FGFR2,fibroblast growth factor receptor 2
FGFR3,fibroblast growth factor receptor 3
FGFR3P1,fibroblast growth factor receptor 3 pseudogene 1
FGFR4,fibroblast growth factor receptor 4
FGFRL1,fibroblast growth factor receptor like 1
FGG,fibrinogen gamma chain
FGR,"FGR proto-oncogene, Src family tyrosine kinase"
FH,fumarate hydratase
FHIT,fragile histidine triad diadenosine triphosphatase
FHL1,four and a half LIM domains 1
FHL2,four and a half LIM domains 2
FIBCD1,fibrinogen C domain containing 1
FIP1L1,factor interacting with PAPOLA and CPSF1
FKBP1A,FKBP prolyl isomerase 1A
FKBP1B,FKBP prolyl isomerase 1B
FKBP2,FKBP prolyl isomerase 2
FKBP3,FKBP prolyl isomerase 3
FKBP4,FKBP prolyl isomerase 4
FKBP5,FKBP prolyl isomerase 5
FKBP8,FKBP prolyl isomerase 8
FLCN,folliculin
FLNA,filamin A
FLT1,fms related receptor tyrosine kinase 1
FLT3,fms related receptor tyrosine kinase 3
FLT4,fms related receptor tyrosine kinase 4
FMO1,flavin containing dimethylaniline monoxygenase 1
FMO2,flavin containing dimethylaniline monoxygenase 2
FMO3,flavin containing dimethylaniline monoxygenase 3
FMO5,flavin containing dimethylaniline monoxygenase 5
FMOD,fibromodulin
FN1,fibronectin 1
FNTA,"farnesyltransferase, CAAX box, subunit alpha"
FNTB,"farnesyltransferase, CAAX box, subunit beta"
FOLH1,folate hydrolase 1
FOLR1,folate receptor alpha
FOLR2,folate receptor beta
FOLR3,folate receptor gamma
FOS,"Fos proto-oncogene, AP-1 transcription factor subunit"
FOSB,"FosB proto-oncogene, AP-1 transcription factor subunit"
FOXA3,forkhead box A3
FOXG1,forkhead box G1
FOXL2,forkhead box L2
FOXM1,forkhead box M1
FOXO1,forkhead box O1
FOXO3,forkhead box O3
FOXP3,forkhead box P3
FPGS,folylpolyglutamate synthase
FPGT-TNNI3K,FPGT-TNNI3K readthrough
FPR1,formyl peptide receptor 1
FPR2,formyl peptide receptor 2
FPR3,formyl peptide receptor 3
FRK,fyn related Src family tyrosine kinase
FRS2,fibroblast growth factor receptor substrate 2
FRZB,frizzled related protein
FSCN1,fascin actin-bundling protein 1
FSHR,follicle stimulating hormone receptor
FSIP1,fibrous sheath interacting protein 1
FST,follistatin
FTCD,formimidoyltransferase cyclodeaminase
FTCDNL1,formiminotransferase cyclodeaminase N-terminal like
FTH1,ferritin heavy chain 1
FTL,ferritin light chain
FTO,FTO alpha-ketoglutarate dependent dioxygenase
FUBP1,far upstream element binding protein 1
FUCA1,alpha-L-fucosidase 1
FURIN,"furin, paired basic amino acid cleaving enzyme"
FUS,FUS RNA binding protein
FUT2,fucosyltransferase 2 (H blood group)
FUT4,fucosyltransferase 4
FUT5,fucosyltransferase 5
FUT6,fucosyltransferase 6
FUT7,fucosyltransferase 7
FUT8,fucosyltransferase 8
FXN,frataxin
FXR2,FMR1 autosomal homolog 2
FXYD2,FXYD domain containing ion transport regulator 2
FYB1,FYN binding protein 1
FYN,"FYN proto-oncogene, Src family tyrosine kinase"
FZD1,frizzled class receptor 1
FZD2,frizzled class receptor 2
FZD3,frizzled class receptor 3
FZD4,frizzled class receptor 4
FZD6,frizzled class receptor 6
FZD7,frizzled class receptor 7
FZD8,frizzled class receptor 8
G6PC1,glucose-6-phosphatase catalytic subunit 1
G6PD,glucose-6-phosphate dehydrogenase
GAA,alpha glucosidase
GAB1,GRB2 associated binding protein 1
GABBR1,gamma-aminobutyric acid type B receptor subunit 1
GABBR2,gamma-aminobutyric acid type B receptor subunit 2
GABPA,GA binding protein transcription factor subunit alpha
GABPB1,GA binding protein transcription factor subunit beta 1
GABRA1,gamma-aminobutyric acid type A receptor subunit alpha1
GABRA2,gamma-aminobutyric acid type A receptor subunit alpha2
GABRA3,gamma-aminobutyric acid type A receptor subunit alpha3
GABRA4,gamma-aminobutyric acid type A receptor subunit alpha4
GABRA5,gamma-aminobutyric acid type A receptor subunit alpha5
GABRA6,gamma-aminobutyric acid type A receptor subunit alpha6
GABRB1,gamma-aminobutyric acid type A receptor subunit beta1
GABRB2,gamma-aminobutyric acid type A receptor subunit beta2
GABRB3,gamma-aminobutyric acid type A receptor subunit beta3
GABRD,gamma-aminobutyric acid type A receptor subunit delta
GABRE,gamma-aminobutyric acid type A receptor subunit epsilon
GABRG1,gamma-aminobutyric acid type A receptor subunit gamma1
GABRG2,gamma-aminobutyric acid type A receptor subunit gamma2
GABRG3,gamma-aminobutyric acid type A receptor subunit gamma3
GABRP,gamma-aminobutyric acid type A receptor subunit pi
GABRQ,gamma-aminobutyric acid type A receptor subunit theta
GABRR1,gamma-aminobutyric acid type A receptor subunit rho1
GABRR2,gamma-aminobutyric acid type A receptor subunit rho2
GABRR3,gamma-aminobutyric acid type A receptor subunit rho3
GAD1,glutamate decarboxylase 1
GAD2,glutamate decarboxylase 2
GADD45A,growth arrest and DNA damage inducible alpha
GADL1,GAD like acidic amino acid decarboxylase 1
GAK,cyclin G associated kinase
GAL,galanin and GMAP prepropeptide
GALC,galactosylceramidase
GALE,UDP-galactose-4-epimerase
GALK1,galactokinase 1
GALNT1,polypeptide N-acetylgalactosaminyltransferase 1
GALNT10,polypeptide N-acetylgalactosaminyltransferase 10
GALNT14,polypeptide N-acetylgalactosaminyltransferase 14
GALNT17,polypeptide N-acetylgalactosaminyltransferase 17
GALNT18,polypeptide N-acetylgalactosaminyltransferase 18
GALNT2,polypeptide N-acetylgalactosaminyltransferase 2
GALNT3,polypeptide N-acetylgalactosaminyltransferase 3
GALNT6,polypeptide N-acetylgalactosaminyltransferase 6
GALP,galanin like peptide
GALR1,galanin receptor 1
GALR2,galanin receptor 2
GALR3,galanin receptor 3
GALT,galactose-1-phosphate uridylyltransferase
GAMT,guanidinoacetate N-methyltransferase
GANAB,glucosidase II alpha subunit
GANC,"glucosidase alpha, neutral C"
GAPDH,glyceraldehyde-3-phosphate dehydrogenase
GAPDHS,"glyceraldehyde-3-phosphate dehydrogenase, spermatogenic"
GARS1,glycyl-tRNA synthetase 1
GART,"phosphoribosylglycinamide formyltransferase, phosphoribosylglycinamide synthetase, phosphoribosylaminoimidazole synthetase"
GAS1,growth arrest specific 1
GAS2,growth arrest specific 2
GAS6,growth arrest specific 6
GAS8-AS1,GAS8 antisense RNA 1
GAST,gastrin
GATA2,GATA binding protein 2
GATA3,GATA binding protein 3
GATA4,GATA binding protein 4
GATA6,GATA binding protein 6
GATB,glutamyl-tRNA amidotransferase subunit B
GATM,glycine amidinotransferase
GBA1,glucosylceramidase beta 1
GBA2,glucosylceramidase beta 2
GBA3,glucosylceramidase beta 3 (gene/pseudogene)
GBE1,"1,4-alpha-glucan branching enzyme 1"
GBP1,guanylate binding protein 1
GBX1,gastrulation brain homeobox 1
GBX2,gastrulation brain homeobox 2
GC,GC vitamin D binding protein
GCA,grancalcin
GCAT,glycine C-acetyltransferase
GCDH,glutaryl-CoA dehydrogenase
GCG,glucagon
GCGR,glucagon receptor
GCH1,GTP cyclohydrolase 1
GCK,glucokinase
GCKR,glucokinase regulator
GCLC,glutamate-cysteine ligase catalytic subunit
GCLM,glutamate-cysteine ligase modifier subunit
GCNT1,glucosaminyl (N-acetyl) transferase 1
GCNT2,glucosaminyl (N-acetyl) transferase 2 (I blood group)
GCSH,glycine cleavage system protein H
GDA,guanine deaminase
GDF15,growth differentiation factor 15
GDF2,growth differentiation factor 2
GDF9,growth differentiation factor 9
GDI1,GDP dissociation inhibitor 1
GDI2,GDP dissociation inhibitor 2
GDNF,glial cell derived neurotrophic factor
GEM,GTP binding protein overexpressed in skeletal muscle
GET3,"guided entry of tail-anchored proteins factor 3, ATPase"
GFAP,glial fibrillary acidic protein
GFER,"growth factor, augmenter of liver regeneration"
GFPT1,glutamine--fructose-6-phosphate transaminase 1
GFPT2,glutamine--fructose-6-phosphate transaminase 2
GFRA2,GDNF family receptor alpha 2
GFUS,GDP-L-fucose synthase
GGACT,gamma-glutamylamine cyclotransferase
GGCT,gamma-glutamylcyclotransferase
GGCX,gamma-glutamyl carboxylase
GGH,gamma-glutamyl hydrolase
GGPS1,geranylgeranyl diphosphate synthase 1
GGT1,gamma-glutamyltransferase 1
GGT7,gamma-glutamyltransferase 7
GGTA1,glycoprotein alpha-galactosyltransferase 1 (inactive)
GHRH,growth hormone releasing hormone
GHRHR,growth hormone releasing hormone receptor
GHRL,ghrelin and obestatin prepropeptide
GHSR,growth hormone secretagogue receptor
GIGYF2,GRB10 interacting GYF protein 2
GIP,gastric inhibitory polypeptide
GIPR,gastric inhibitory polypeptide receptor
GJA1,gap junction protein alpha 1
GJA10,gap junction protein alpha 10
GJA3,gap junction protein alpha 3
GJA4,gap junction protein alpha 4
GJA5,gap junction protein alpha 5
GJA8,gap junction protein alpha 8
GJA9,gap junction protein alpha 9
GJB1,gap junction protein beta 1
GJB2,gap junction protein beta 2
GJB3,gap junction protein beta 3
GJB4,gap junction protein beta 4
GJB5,gap junction protein beta 5
GJB6,gap junction protein beta 6
GJB7,gap junction protein beta 7
GJC1,gap junction protein gamma 1
GJC2,gap junction protein gamma 2
GJC3,gap junction protein gamma 3
GJD2,gap junction protein delta 2
GJD3,gap junction protein delta 3
GJD4,gap junction protein delta 4
GJE1,gap junction protein epsilon 1
GK,glycerol kinase
GK2,glycerol kinase 2
GLA,galactosidase alpha
GLB1,galactosidase beta 1
GLCCI1,glucocorticoid induced 1
GLDC,glycine decarboxylase
GLE1,GLE1 RNA export mediator
GLG1,golgi glycoprotein 1
GLI1,GLI family zinc finger 1
GLI3,GLI family zinc finger 3
GLI4,GLI family zinc finger 4
GLIPR2,GLI pathogenesis related 2
GLO1,glyoxalase I
GLP1R,glucagon like peptide 1 receptor
GLP2R,glucagon like peptide 2 receptor
GLRA1,glycine receptor alpha 1
GLRA2,glycine receptor alpha 2
GLRA3,glycine receptor alpha 3
GLRB,glycine receptor beta
GLRX,glutaredoxin
GLRX2,glutaredoxin 2
GLS,glutaminase
GLS2,glutaminase 2
GLT6D1,glycosyltransferase 6 domain containing 1
GLTP,glycolipid transfer protein
GLUD1,glutamate dehydrogenase 1
GLUD1P3,glutamate dehydrogenase 1 pseudogene 3
GLUD2,glutamate dehydrogenase 2
GLUL,glutamate-ammonia ligase
GLYAT,glycine-N-acyltransferase
GLYATL1,glycine-N-acyltransferase like 1
GLYATL2,glycine-N-acyltransferase like 2
GM2A,ganglioside GM2 activator
GMDS,"GDP-mannose 4,6-dehydratase"
GMNN,geminin DNA replication inhibitor
GMPR,guanosine monophosphate reductase
GMPS,guanosine monophosphate synthase
GNA11,G protein subunit alpha 11
GNA12,G protein subunit alpha 12
GNA13,G protein subunit alpha 13
GNAI1,G protein subunit alpha i1
GNAI2,G protein subunit alpha i2
GNAI3,G protein subunit alpha i3
GNAO1,G protein subunit alpha o1
GNAQ,G protein subunit alpha q
GNAS,GNAS complex locus
GNAT1,G protein subunit alpha transducin 1
GNB3,G protein subunit beta 3
GNG10,G protein subunit gamma 10
GNG11,G protein subunit gamma 11
GNG2,G protein subunit gamma 2
GNG7,G protein subunit gamma 7
GNGT1,G protein subunit gamma transducin 1
GNL1,G protein nucleolar 1
GNL3,G protein nucleolar 3
GNLY,granulysin
GNMT,glycine N-methyltransferase
GNPAT,glyceronephosphate O-acyltransferase
GNPDA1,glucosamine-6-phosphate deaminase 1
GNRH1,gonadotropin releasing hormone 1
GNRHR,gonadotropin releasing hormone receptor
GNRHR2,gonadotropin releasing hormone receptor 2 (pseudogene)
GOLGA1,golgin A1
GOLGA2,golgin A2
GOLGA3,golgin A3
GOPC,golgi associated PDZ and coiled-coil motif containing
GOT1,glutamic-oxaloacetic transaminase 1
GOT2,glutamic-oxaloacetic transaminase 2
GP1BA,glycoprotein Ib platelet subunit alpha
GP2,glycoprotein 2
GP6,glycoprotein VI platelet
GP9,glycoprotein IX platelet
GPBAR1,G protein-coupled bile acid receptor 1
GPC3,glypican 3
GPC4,glypican 4
GPC5,glypican 5
GPCPD1,glycerophosphocholine phosphodiesterase 1
GPD1,glycerol-3-phosphate dehydrogenase 1
GPD2,glycerol-3-phosphate dehydrogenase 2
GPER1,G protein-coupled estrogen receptor 1
GPHN,gephyrin
GPI,glucose-6-phosphate isomerase
GPLD1,glycosylphosphatidylinositol specific phospholipase D1
GPM6A,glycoprotein M6A
GPM6B,glycoprotein M6B
GPR119,G protein-coupled receptor 119
GPR12,G protein-coupled receptor 12
GPR132,G protein-coupled receptor 132
GPR139,G protein-coupled receptor 139
GPR142,G protein-coupled receptor 142
GPR143,G protein-coupled receptor 143
GPR15,G protein-coupled receptor 15
GPR17,G protein-coupled receptor 17
GPR174,G protein-coupled receptor 174
GPR18,G protein-coupled receptor 18
GPR183,G protein-coupled receptor 183
GPR19,G protein-coupled receptor 19
GPR20,G protein-coupled receptor 20
GPR21,G protein-coupled receptor 21
GPR22,G protein-coupled receptor 22
GPR27,G protein-coupled receptor 27
GPR3,G protein-coupled receptor 3
GPR31,G protein-coupled receptor 31
GPR32,G protein-coupled receptor 32
GPR34,G protein-coupled receptor 34
GPR35,G protein-coupled receptor 35
GPR37,G protein-coupled receptor 37
GPR37L1,G protein-coupled receptor 37 like 1
GPR39,G protein-coupled receptor 39
GPR4,G protein-coupled receptor 4
GPR42,G protein-coupled receptor 42
GPR52,G protein-coupled receptor 52
GPR55,G protein-coupled receptor 55
GPR6,G protein-coupled receptor 6
GPR61,G protein-coupled receptor 61
GPR63,G protein-coupled receptor 63
GPR68,G protein-coupled receptor 68
GPR83,G protein-coupled receptor 83
GPR84,G protein-coupled receptor 84
GPR87,G protein-coupled receptor 87
GPR88,G protein-coupled receptor 88
GPRC5A,G protein-coupled receptor class C group 5 member A
GPRC6A,G protein-coupled receptor class C group 6 member A
GPS1,G protein pathway suppressor 1
GPS2,G protein pathway suppressor 2
GPT,glutamic--pyruvic transaminase
GPT2,glutamic--pyruvic transaminase 2
GPX1,glutathione peroxidase 1
GPX2,glutathione peroxidase 2
GPX3,glutathione peroxidase 3
GPX4,glutathione peroxidase 4
GPX5,glutathione peroxidase 5
GPX6,glutathione peroxidase 6
GPX7,glutathione peroxidase 7
GPX8,glutathione peroxidase 8 (putative)
GRAMD1B,GRAM domain containing 1B
GRB10,growth factor receptor bound protein 10
GRB14,growth factor receptor bound protein 14
GRB2,growth factor receptor bound protein 2
GRB7,growth factor receptor bound protein 7
GREM2,"gremlin 2, DAN family BMP antagonist"
GRIA1,glutamate ionotropic receptor AMPA type subunit 1
GRIA2,glutamate ionotropic receptor AMPA type subunit 2
GRIA3,glutamate ionotropic receptor AMPA type subunit 3
GRIA4,glutamate ionotropic receptor AMPA type subunit 4
GRID1,glutamate ionotropic receptor delta type subunit 1
GRID2,glutamate ionotropic receptor delta type subunit 2
GRIK1,glutamate ionotropic receptor kainate type subunit 1
GRIK2,glutamate ionotropic receptor kainate type subunit 2
GRIK3,glutamate ionotropic receptor kainate type subunit 3
GRIK4,glutamate ionotropic receptor kainate type subunit 4
GRIK5,glutamate ionotropic receptor kainate type subunit 5
GRIN1,glutamate ionotropic receptor NMDA type subunit 1
GRIN2A,glutamate ionotropic receptor NMDA type subunit 2A
GRIN2B,glutamate ionotropic receptor NMDA type subunit 2B
GRIN2C,glutamate ionotropic receptor NMDA type subunit 2C
GRIN2D,glutamate ionotropic receptor NMDA type subunit 2D
GRIN3A,glutamate ionotropic receptor NMDA type subunit 3A
GRIN3B,glutamate ionotropic receptor NMDA type subunit 3B
GRINA,glutamate ionotropic receptor NMDA type subunit associated protein 1
GRK1,G protein-coupled receptor kinase 1
GRK2,G protein-coupled receptor kinase 2
GRK3,G protein-coupled receptor kinase 3
GRK4,G protein-coupled receptor kinase 4
GRK5,G protein-coupled receptor kinase 5
GRK6,G protein-coupled receptor kinase 6
GRK7,G protein-coupled receptor kinase 7
GRM1,glutamate metabotropic receptor 1
GRM2,glutamate metabotropic receptor 2
GRM3,glutamate metabotropic receptor 3
GRM4,glutamate metabotropic receptor 4
GRM5,glutamate metabotropic receptor 5
GRM6,glutamate metabotropic receptor 6
GRM7,glutamate metabotropic receptor 7
GRM8,glutamate metabotropic receptor 8
GRP,gastrin releasing peptide
GRPR,gastrin releasing peptide receptor
GSAP,gamma-secretase activating protein
GSDMD,gasdermin D
GSK3A,glycogen synthase kinase 3 alpha
GSK3B,glycogen synthase kinase 3 beta
GSKIP,GSK3B interacting protein
GSN,gelsolin
GSPT1,G1 to S phase transition 1
GSPT2,G1 to S phase transition 2
GSR,glutathione-disulfide reductase
GSS,glutathione synthetase
GSTA1,glutathione S-transferase alpha 1
GSTA2,glutathione S-transferase alpha 2
GSTA3,glutathione S-transferase alpha 3
GSTA4,glutathione S-transferase alpha 4
GSTA5,glutathione S-transferase alpha 5
GSTK1,glutathione S-transferase kappa 1
GSTM1,glutathione S-transferase mu 1
GSTM2,glutathione S-transferase mu 2
GSTM3,glutathione S-transferase mu 3
GSTM4,glutathione S-transferase mu 4
GSTM5,glutathione S-transferase mu 5
GSTO1,glutathione S-transferase omega 1
GSTO2,glutathione S-transferase omega 2
GSTP1,glutathione S-transferase pi 1
GSTT1,glutathione S-transferase theta 1
GSTT2,glutathione S-transferase theta 2 (gene/pseudogene)
GSTT2B,glutathione S-transferase theta 2B
GSTZ1,glutathione S-transferase zeta 1
GTF2A1,general transcription factor IIA subunit 1
GTF2B,general transcription factor IIB
GTF2H1,general transcription factor IIH subunit 1
GTF3C2,general transcription factor IIIC subunit 2
GTPBP4,GTP binding protein 4
GUCA1A,guanylate cyclase activator 1A
GUCA2A,guanylate cyclase activator 2A
GUCA2B,guanylate cyclase activator 2B
GUCY1A1,guanylate cyclase 1 soluble subunit alpha 1
GUCY1A2,guanylate cyclase 1 soluble subunit alpha 2
GUCY1B1,guanylate cyclase 1 soluble subunit beta 1
GUCY1B2,guanylate cyclase 1 soluble subunit beta 2 (pseudogene)
GUCY2C,guanylate cyclase 2C
GUK1,guanylate kinase 1
GUSB,glucuronidase beta
GYG1,glycogenin 1
GYPA,glycophorin A (MNS blood group)
GYPB,glycophorin B (MNS blood group)
GYPE,glycophorin E (MNS blood group)
GYS1,glycogen synthase 1
GYS2,glycogen synthase 2
GZMA,granzyme A
GZMB,granzyme B
GZMH,granzyme H
GZMK,granzyme K
GZMM,granzyme M
H1-0,H1.0 linker histone
H1-1,"H1.1 linker histone, cluster member"
H1-2,"H1.2 linker histone, cluster member"
H1-3,"H1.3 linker histone, cluster member"
H1-4,"H1.4 linker histone, cluster member"
H2AC25,H2A clustered histone 25
H2AX,H2A.X variant histone
H2AZ1,H2A.Z variant histone 1
H2BC4,H2B clustered histone 4
H3-3A,H3.3 histone A
H4C16,H4 histone 16
H6PD,hexose-6-phosphate dehydrogenase/glucose 1-dehydrogenase
HAAO,"3-hydroxyanthranilate 3,4-dioxygenase"
HABP2,hyaluronan binding protein 2
HABP4,hyaluronan binding protein 4
HADH,hydroxyacyl-CoA dehydrogenase
HADHA,hydroxyacyl-CoA dehydrogenase trifunctional multienzyme complex subunit alpha
HADHB,hydroxyacyl-CoA dehydrogenase trifunctional multienzyme complex subunit beta
HAGH,hydroxyacylglutathione hydrolase
HAL,histidine ammonia-lyase
HAMP,hepcidin antimicrobial peptide
HAO1,hydroxyacid oxidase 1
HAO2,hydroxyacid oxidase 2
HAPLN1,hyaluronan and proteoglycan link protein 1
HAPLN3,hyaluronan and proteoglycan link protein 3
HARS1,histidyl-tRNA synthetase 1
HAS3,hyaluronan synthase 3
HASPIN,histone H3 associated protein kinase
HAVCR2,hepatitis A virus cellular receptor 2
HBA1,hemoglobin subunit alpha 1
HBB,hemoglobin subunit beta
HBEGF,heparin binding EGF like growth factor
HBG2,hemoglobin subunit gamma 2
HCAR1,hydroxycarboxylic acid receptor 1
HCAR2,hydroxycarboxylic acid receptor 2
HCAR3,hydroxycarboxylic acid receptor 3
HCG22,HLA complex group 22
HCK,"HCK proto-oncogene, Src family tyrosine kinase"
HCN1,hyperpolarization activated cyclic nucleotide gated potassium channel 1
HCN2,hyperpolarization activated cyclic nucleotide gated potassium and sodium channel 2
HCN3,hyperpolarization activated cyclic nucleotide gated potassium channel 3
HCN4,hyperpolarization activated cyclic nucleotide gated potassium channel 4
HCP5,HLA complex P5
HCRT,hypocretin neuropeptide precursor
HCRTR1,hypocretin receptor 1
HCRTR2,hypocretin receptor 2
HDAC1,histone deacetylase 1
HDAC10,histone deacetylase 10
HDAC11,histone deacetylase 11
HDAC2,histone deacetylase 2
HDAC3,histone deacetylase 3
HDAC4,histone deacetylase 4
HDAC5,histone deacetylase 5
HDAC6,histone deacetylase 6
HDAC7,histone deacetylase 7
HDAC8,histone deacetylase 8
HDAC9,histone deacetylase 9
HDC,histidine decarboxylase
HDGF,heparin binding growth factor
HELLS,"helicase, lymphoid specific"
HEPH,hephaestin
HEPHL1,hephaestin like 1
HERC2,HECT and RLD domain containing E3 ubiquitin protein ligase 2
HES1,hes family bHLH transcription factor 1
HEXA,hexosaminidase subunit alpha
HEXB,hexosaminidase subunit beta
HFE,homeostatic iron regulator
HGF,hepatocyte growth factor
HGFAC,HGF activator
HGS,hepatocyte growth factor-regulated tyrosine kinase substrate
HHAT,hedgehog acyltransferase
HIBADH,3-hydroxyisobutyrate dehydrogenase
HIBCH,3-hydroxyisobutyryl-CoA hydrolase
HIF1A,hypoxia inducible factor 1 subunit alpha
HIF1AN,hypoxia inducible factor 1 subunit alpha inhibitor
HINT1,histidine triad nucleotide binding protein 1
HIP1,huntingtin interacting protein 1
HIPK1,homeodomain interacting protein kinase 1
HIPK2,homeodomain interacting protein kinase 2
HIPK3,homeodomain interacting protein kinase 3
HIPK4,homeodomain interacting protein kinase 4
HIVEP1,HIVEP zinc finger 1
HIVEP2,HIVEP zinc finger 2
HK1,hexokinase 1
HK2,hexokinase 2
HK3,hexokinase 3
HKDC1,hexokinase domain containing 1
HLA-A,"major histocompatibility complex, class I, A"
HLA-B,"major histocompatibility complex, class I, B"
HLA-C,"major histocompatibility complex, class I, C"
HLA-DMA,"major histocompatibility complex, class II, DM alpha"
HLA-DMB,"major histocompatibility complex, class II, DM beta"
HLA-DPA1,"major histocompatibility complex, class II, DP alpha 1"
HLA-DPB1,"major histocompatibility complex, class II, DP beta 1"
HLA-DPB2,"major histocompatibility complex, class II, DP beta 2 (pseudogene)"
HLA-DQA1,"major histocompatibility complex, class II, DQ alpha 1"
HLA-DQB1,"major histocompatibility complex, class II, DQ beta 1"
HLA-DRA,"major histocompatibility complex, class II, DR alpha"
HLA-DRB1,"major histocompatibility complex, class II, DR beta 1"
HLA-DRB3,"major histocompatibility complex, class II, DR beta 3"
HLA-DRB5,"major histocompatibility complex, class II, DR beta 5"
HLA-DRB6,"major histocompatibility complex, class II, DR beta 6 (pseudogene)"
HLA-E,"major histocompatibility complex, class I, E"
HLA-F,"major histocompatibility complex, class I, F"
HLA-G,"major histocompatibility complex, class I, G"
HLCS,holocarboxylase synthetase
HM13,histocompatibility minor 13
HMBS,hydroxymethylbilane synthase
HMGB1,high mobility group box 1
HMGB2,high mobility group box 2
HMGCL,3-hydroxy-3-methylglutaryl-CoA lyase
HMGCR,3-hydroxy-3-methylglutaryl-CoA reductase
HMGCS1,3-hydroxy-3-methylglutaryl-CoA synthase 1
HMGCS2,3-hydroxy-3-methylglutaryl-CoA synthase 2
HMMR,hyaluronan mediated motility receptor
HMOX1,heme oxygenase 1
HMOX2,heme oxygenase 2
HNF1A,HNF1 homeobox A
HNF1B,HNF1 homeobox B
HNF4A,hepatocyte nuclear factor 4 alpha
HNF4G,hepatocyte nuclear factor 4 gamma
HNMT,histamine N-methyltransferase
HNRNPA1,heterogeneous nuclear ribonucleoprotein A1
HNRNPA2B1,heterogeneous nuclear ribonucleoprotein A2/B1
HNRNPC,heterogeneous nuclear ribonucleoprotein C
HNRNPD,heterogeneous nuclear ribonucleoprotein D
HNRNPF,heterogeneous nuclear ribonucleoprotein F
HNRNPH1,heterogeneous nuclear ribonucleoprotein H1
HNRNPH2,heterogeneous nuclear ribonucleoprotein H2
HNRNPH3,heterogeneous nuclear ribonucleoprotein H3
HNRNPK,heterogeneous nuclear ribonucleoprotein K
HNRNPL,heterogeneous nuclear ribonucleoprotein L
HOGA1,4-hydroxy-2-oxoglutarate aldolase 1
HOMER1,homer scaffold protein 1
HOXA10,homeobox A10
HOXA11,homeobox A11
HOXA13,homeobox A13
HOXA3,homeobox A3
HOXA4,homeobox A4
HOXA5,homeobox A5
HOXA6,homeobox A6
HOXB1,homeobox B1
HOXB2,homeobox B2
HOXB3,homeobox B3
HOXB4,homeobox B4
HOXB5,homeobox B5
HOXB6,homeobox B6
HOXC12,homeobox C12
HOXC13,homeobox C13
HOXC4,homeobox C4
HOXC5,homeobox C5
HOXC6,homeobox C6
HOXC8,homeobox C8
HOXD1,homeobox D1
HOXD10,homeobox D10
HOXD11,homeobox D11
HOXD13,homeobox D13
HOXD3,homeobox D3
HOXD8,homeobox D8
HOXD9,homeobox D9
HP,haptoglobin
HP1BP3,heterochromatin protein 1 binding protein 3
HPCA,hippocalcin
HPCAL1,hippocalcin like 1
HPD,4-hydroxyphenylpyruvate dioxygenase
HPGD,15-hydroxyprostaglandin dehydrogenase
HPGDS,hematopoietic prostaglandin D synthase
HPN,hepsin
HPR,haptoglobin-related protein
HPRT1,hypoxanthine phosphoribosyltransferase 1
HPSE,heparanase
HPX,hemopexin
HRAS,"HRas proto-oncogene, GTPase"
HRG,histidine rich glycoprotein
HRH1,histamine receptor H1
HRH2,histamine receptor H2
HRH3,histamine receptor H3
HRH4,histamine receptor H4
HRNR,hornerin
HS3ST1,heparan sulfate-glucosamine 3-sulfotransferase 1
HS3ST3A1,heparan sulfate-glucosamine 3-sulfotransferase 3A1
HSD11B1,hydroxysteroid 11-beta dehydrogenase 1
HSD11B2,hydroxysteroid 11-beta dehydrogenase 2
HSD17B1,hydroxysteroid 17-beta dehydrogenase 1
HSD17B10,hydroxysteroid 17-beta dehydrogenase 10
HSD17B11,hydroxysteroid 17-beta dehydrogenase 11
HSD17B13,hydroxysteroid 17-beta dehydrogenase 13
HSD17B14,hydroxysteroid 17-beta dehydrogenase 14
HSD17B2,hydroxysteroid 17-beta dehydrogenase 2
HSD17B3,hydroxysteroid 17-beta dehydrogenase 3
HSD17B4,hydroxysteroid 17-beta dehydrogenase 4
HSD17B7,hydroxysteroid 17-beta dehydrogenase 7
HSD17B8,hydroxysteroid 17-beta dehydrogenase 8
HSD3B1,"hydroxy-delta-5-steroid dehydrogenase, 3 beta- and steroid delta-isomerase 1"
HSD3B2,"hydroxy-delta-5-steroid dehydrogenase, 3 beta- and steroid delta-isomerase 2"
HSD3B7,"hydroxy-delta-5-steroid dehydrogenase, 3 beta- and steroid delta-isomerase 7"
HSF1,heat shock transcription factor 1
HSP90AA1,heat shock protein 90 alpha family class A member 1
HSP90AB1,heat shock protein 90 alpha family class B member 1
HSP90B1,heat shock protein 90 beta family member 1
HSPA13,heat shock protein family A (Hsp70) member 13
HSPA1A,heat shock protein family A (Hsp70) member 1A
HSPA1L,heat shock protein family A (Hsp70) member 1 like
HSPA2,heat shock protein family A (Hsp70) member 2
HSPA4,heat shock protein family A (Hsp70) member 4
HSPA5,heat shock protein family A (Hsp70) member 5
HSPA8,heat shock protein family A (Hsp70) member 8
HSPA9,heat shock protein family A (Hsp70) member 9
HSPB1,heat shock protein family B (small) member 1
HSPB2,heat shock protein family B (small) member 2
HSPD1,heat shock protein family D (Hsp60) member 1
HSPE1,heat shock protein family E (Hsp10) member 1
HSPG2,heparan sulfate proteoglycan 2
HSPH1,heat shock protein family H (Hsp110) member 1
HTR1A,5-hydroxytryptamine receptor 1A
HTR1B,5-hydroxytryptamine receptor 1B
HTR1D,5-hydroxytryptamine receptor 1D
HTR1E,5-hydroxytryptamine receptor 1E
HTR1F,5-hydroxytryptamine receptor 1F
HTR2A,5-hydroxytryptamine receptor 2A
HTR2B,5-hydroxytryptamine receptor 2B
HTR2C,5-hydroxytryptamine receptor 2C
HTR3A,5-hydroxytryptamine receptor 3A
HTR3B,5-hydroxytryptamine receptor 3B
HTR3C,5-hydroxytryptamine receptor 3C
HTR3D,5-hydroxytryptamine receptor 3D
HTR3E,5-hydroxytryptamine receptor 3E
HTR4,5-hydroxytryptamine receptor 4
HTR5A,5-hydroxytryptamine receptor 5A
HTR6,5-hydroxytryptamine receptor 6
HTR7,5-hydroxytryptamine receptor 7
HTRA1,HtrA serine peptidase 1
HTRA2,HtrA serine peptidase 2
HTT,huntingtin
HUNK,hormonally up-regulated Neu-associated kinase
HUS1,HUS1 checkpoint clamp component
HYAL1,hyaluronidase 1
HYAL2,hyaluronidase 2
HYAL3,hyaluronidase 3
HYAL4,hyaluronidase 4
HYKK,hydroxylysine kinase
HYOU1,hypoxia up-regulated 1
IAPP,islet amyloid polypeptide
IARS1,isoleucyl-tRNA synthetase 1
IARS2,"isoleucyl-tRNA synthetase 2, mitochondrial"
IBSP,integrin binding sialoprotein
ICA1,islet cell autoantigen 1
ICAM1,intercellular adhesion molecule 1
ICAM3,intercellular adhesion molecule 3
ICMT,isoprenylcysteine carboxyl methyltransferase
IDE,insulin degrading enzyme
IDH1,isocitrate dehydrogenase (NADP(+)) 1
IDH2,isocitrate dehydrogenase (NADP(+)) 2
IDH3A,isocitrate dehydrogenase (NAD(+)) 3 catalytic subunit alpha
IDH3B,isocitrate dehydrogenase (NAD(+)) 3 non-catalytic subunit beta
IDH3G,isocitrate dehydrogenase (NAD(+)) 3 non-catalytic subunit gamma
IDI1,isopentenyl-diphosphate delta isomerase 1
IDO1,"indoleamine 2,3-dioxygenase 1"
IDO2,"indoleamine 2,3-dioxygenase 2"
IFI27,interferon alpha inducible protein 27
IFNA1,interferon alpha 1
IFNAR1,interferon alpha and beta receptor subunit 1
IFNAR2,interferon alpha and beta receptor subunit 2
IFNB1,interferon beta 1
IFNG,interferon gamma
IFNGR1,interferon gamma receptor 1
IFNL3,interferon lambda 3
IFNL4,interferon lambda 4 (gene/pseudogene)
IGF1,insulin like growth factor 1
IGF1R,insulin like growth factor 1 receptor
IGF2,insulin like growth factor 2
IGF2BP2,insulin like growth factor 2 mRNA binding protein 2
IGF2R,insulin like growth factor 2 receptor
IGFALS,insulin like growth factor binding protein acid labile subunit
IGFBP1,insulin like growth factor binding protein 1
IGFBP3,insulin like growth factor binding protein 3
IGFBP4,insulin like growth factor binding protein 4
IGFBP5,insulin like growth factor binding protein 5
IGFLR1,IGF like family receptor 1
IGH,immunoglobulin heavy locus
IGHA1,immunoglobulin heavy constant alpha 1
IGHA2,immunoglobulin heavy constant alpha 2 (A2m marker)
IGHG1,immunoglobulin heavy constant gamma 1 (G1m marker)
IGHG2,immunoglobulin heavy constant gamma 2 (G2m marker)
IGHG4,immunoglobulin heavy constant gamma 4 (G4m marker)
IGHM,immunoglobulin heavy constant mu
IGHMBP2,immunoglobulin mu DNA binding protein 2
IGHV1-2,immunoglobulin heavy variable 1-2
IGHV3-23,immunoglobulin heavy variable 3-23
IGHV3-30,immunoglobulin heavy variable 3-30
IGKC,immunoglobulin kappa constant
IGKV1-17,immunoglobulin kappa variable 1-17
IGKV1D-33,immunoglobulin kappa variable 1D-33
IGKV2-30,immunoglobulin kappa variable 2-30
IGKV2D-28,immunoglobulin kappa variable 2D-28
IGKV3-20,immunoglobulin kappa variable 3-20
IGLC1,immunoglobulin lambda constant 1
IGLL1,immunoglobulin lambda like polypeptide 1
IGLV2-8,immunoglobulin lambda variable 2-8
IGLV3-21,immunoglobulin lambda variable 3-21
IGLV7-43,immunoglobulin lambda variable 7-43
IGSF10,immunoglobulin superfamily member 10
IK,IK cytokine
IKBKB,inhibitor of nuclear factor kappa B kinase subunit beta
IKBKE,inhibitor of nuclear factor kappa B kinase subunit epsilon
IKBKG,inhibitor of nuclear factor kappa B kinase regulatory subunit gamma
IKZF1,IKAROS family zinc finger 1
IKZF3,IKAROS family zinc finger 3
IL10,interleukin 10
IL11,interleukin 11
IL12A,interleukin 12A
IL12B,interleukin 12B
IL15,interleukin 15
IL17A,interleukin 17A
IL17B,interleukin 17B
IL17C,interleukin 17C
IL17F,interleukin 17F
IL18,interleukin 18
IL1A,interleukin 1 alpha
IL1B,interleukin 1 beta
IL1R1,interleukin 1 receptor type 1
IL1RN,interleukin 1 receptor antagonist
IL2,interleukin 2
IL21R,interleukin 21 receptor
IL23R,interleukin 23 receptor
IL25,interleukin 25
IL2RA,interleukin 2 receptor subunit alpha
IL2RB,interleukin 2 receptor subunit beta
IL2RG,interleukin 2 receptor subunit gamma
IL3,interleukin 3
IL3RA,interleukin 3 receptor subunit alpha
IL4,interleukin 4
IL4I1,interleukin 4 induced 1
IL4R,interleukin 4 receptor
IL5,interleukin 5
IL5RA,interleukin 5 receptor subunit alpha
IL6,interleukin 6
IL6R,interleukin 6 receptor
IL6ST,interleukin 6 cytokine family signal transducer
IL7,interleukin 7
IL7R,interleukin 7 receptor
ILF3,interleukin enhancer binding factor 3
ILK,integrin linked kinase
ILKAP,ILK associated serine/threonine phosphatase
IMPA1,inositol monophosphatase 1
IMPA2,inositol monophosphatase 2
IMPDH1,inosine monophosphate dehydrogenase 1
IMPDH2,inosine monophosphate dehydrogenase 2
IMPG2,interphotoreceptor matrix proteoglycan 2
INCENP,inner centromere protein
ING2,inhibitor of growth family member 2
INHA,inhibin subunit alpha
INHBE,inhibin subunit beta E
INMT,indolethylamine N-methyltransferase
INPP1,inositol polyphosphate-1-phosphatase
INPP5A,inositol polyphosphate-5-phosphatase A
INPP5B,inositol polyphosphate-5-phosphatase B
INPP5D,inositol polyphosphate-5-phosphatase D
INPPL1,inositol polyphosphate phosphatase like 1
INS,insulin
INSR,insulin receptor
INSRR,insulin receptor related receptor
INVS,inversin
IP6K1,inositol hexakisphosphate kinase 1
IP6K2,inositol hexakisphosphate kinase 2
IP6K3,inositol hexakisphosphate kinase 3
IPMK,inositol polyphosphate multikinase
IPO11,importin 11
IPO13,importin 13
IPO4,importin 4
IPO7,importin 7
IPO8,importin 8
IPO9,importin 9
IQGAP1,IQ motif containing GTPase activating protein 1
IRAK1,interleukin 1 receptor associated kinase 1
IRAK2,interleukin 1 receptor associated kinase 2
IRAK3,interleukin 1 receptor associated kinase 3
IRAK4,interleukin 1 receptor associated kinase 4
IRGC,immunity related GTPase cinema
IRS1,insulin receptor substrate 1
IRS2,insulin receptor substrate 2
IRS4,insulin receptor substrate 4
ISG15,ISG15 ubiquitin like modifier
ISG20,interferon stimulated exonuclease gene 20
ISYNA1,inositol-3-phosphate synthase 1
ITGA2,integrin subunit alpha 2
ITGA2B,integrin subunit alpha 2b
ITGA3,integrin subunit alpha 3
ITGA4,integrin subunit alpha 4
ITGA5,integrin subunit alpha 5
ITGA8,integrin subunit alpha 8
ITGA9,integrin subunit alpha 9
ITGAL,integrin subunit alpha L
ITGAM,integrin subunit alpha M
ITGAV,integrin subunit alpha V
ITGAX,integrin subunit alpha X
ITGB1,integrin subunit beta 1
ITGB2,integrin subunit beta 2
ITGB3,integrin subunit beta 3
ITGB5,integrin subunit beta 5
ITGB6,integrin subunit beta 6
ITGB7,integrin subunit beta 7
ITGB8,integrin subunit beta 8
ITIH1,inter-alpha-trypsin inhibitor heavy chain 1
ITIH2,inter-alpha-trypsin inhibitor heavy chain 2
ITIH3,inter-alpha-trypsin inhibitor heavy chain 3
ITIH4,inter-alpha-trypsin inhibitor heavy chain 4
ITK,IL2 inducible T cell kinase
ITPA,inosine triphosphatase
ITPKA,inositol-trisphosphate 3-kinase A
ITPKB,inositol-trisphosphate 3-kinase B
ITPKC,inositol-trisphosphate 3-kinase C
ITPR1,"inositol 1,4,5-trisphosphate receptor type 1"
ITPR2,"inositol 1,4,5-trisphosphate receptor type 2"
ITPR3,"inositol 1,4,5-trisphosphate receptor type 3"
IVD,isovaleryl-CoA dehydrogenase
IVL,involucrin
IYD,iodotyrosine deiodinase
JAG1,jagged canonical Notch ligand 1
JAK1,Janus kinase 1
JAK2,Janus kinase 2
JAK3,Janus kinase 3
JCHAIN,joining chain of multimeric IgA and IgM
JDP2,Jun dimerization protein 2
JMJD1C,jumonji domain containing 1C
JMJD6,"jumonji domain containing 6, arginine demethylase and lysine hydroxylase"
JMJD7,jumonji domain containing 7
JMJD8,jumonji domain containing 8
JUN,"Jun proto-oncogene, AP-1 transcription factor subunit"
JUNB,"JunB proto-oncogene, AP-1 transcription factor subunit"
JUND,"JunD proto-oncogene, AP-1 transcription factor subunit"
JUP,junction plakoglobin
KANSL3,KAT8 regulatory NSL complex subunit 3
KARS1,lysyl-tRNA synthetase 1
KAT2A,lysine acetyltransferase 2A
KAT2B,lysine acetyltransferase 2B
KAT5,lysine acetyltransferase 5
KAT6A,lysine acetyltransferase 6A
KAT6B,lysine acetyltransferase 6B
KAT7,lysine acetyltransferase 7
KAT8,lysine acetyltransferase 8
KCNA1,potassium voltage-gated channel subfamily A member 1
KCNA10,potassium voltage-gated channel subfamily A member 10
KCNA2,potassium voltage-gated channel subfamily A member 2
KCNA3,potassium voltage-gated channel subfamily A member 3
KCNA4,potassium voltage-gated channel subfamily A member 4
KCNA5,potassium voltage-gated channel subfamily A member 5
KCNA6,potassium voltage-gated channel subfamily A member 6
KCNA7,potassium voltage-gated channel subfamily A member 7
KCNAB1,potassium voltage-gated channel subfamily A regulatory beta subunit 1
KCNAB2,potassium voltage-gated channel subfamily A regulatory beta subunit 2
KCNB1,potassium voltage-gated channel subfamily B member 1
KCNB2,potassium voltage-gated channel subfamily B member 2
KCNC1,potassium voltage-gated channel subfamily C member 1
KCNC2,potassium voltage-gated channel subfamily C member 2
KCNC3,potassium voltage-gated channel subfamily C member 3
KCNC4,potassium voltage-gated channel subfamily C member 4
KCND1,potassium voltage-gated channel subfamily D member 1
KCND2,potassium voltage-gated channel subfamily D member 2
KCND3,potassium voltage-gated channel subfamily D member 3
KCNE1,potassium voltage-gated channel subfamily E regulatory subunit 1
KCNE2,potassium voltage-gated channel subfamily E regulatory subunit 2
KCNE3,potassium voltage-gated channel subfamily E regulatory subunit 3
KCNE4,potassium voltage-gated channel subfamily E regulatory subunit 4
KCNE5,potassium voltage-gated channel subfamily E regulatory subunit 5
KCNF1,potassium voltage-gated channel modifier subfamily F member 1
KCNG1,potassium voltage-gated channel modifier subfamily G member 1
KCNG2,potassium voltage-gated channel modifier subfamily G member 2
KCNG3,potassium voltage-gated channel modifier subfamily G member 3
KCNG4,potassium voltage-gated channel modifier subfamily G member 4
KCNH1,potassium voltage-gated channel subfamily H member 1
KCNH2,potassium voltage-gated channel subfamily H member 2
KCNH3,potassium voltage-gated channel subfamily H member 3
KCNH4,potassium voltage-gated channel subfamily H member 4
KCNH5,potassium voltage-gated channel subfamily H member 5
KCNH6,potassium voltage-gated channel subfamily H member 6
KCNH7,potassium voltage-gated channel subfamily H member 7
KCNH8,potassium voltage-gated channel subfamily H member 8
KCNIP1,potassium voltage-gated channel interacting protein 1
KCNJ1,potassium inwardly rectifying channel subfamily J member 1
KCNJ10,potassium inwardly rectifying channel subfamily J member 10
KCNJ11,potassium inwardly rectifying channel subfamily J member 11
KCNJ12,potassium inwardly rectifying channel subfamily J member 12
KCNJ13,potassium inwardly rectifying channel subfamily J member 13
KCNJ14,potassium inwardly rectifying channel subfamily J member 14
KCNJ15,potassium inwardly rectifying channel subfamily J member 15
KCNJ2,potassium inwardly rectifying channel subfamily J member 2
KCNJ3,potassium inwardly rectifying channel subfamily J member 3
KCNJ4,potassium inwardly rectifying channel subfamily J member 4
KCNJ5,potassium inwardly rectifying channel subfamily J member 5
KCNJ6,potassium inwardly rectifying channel subfamily J member 6
KCNJ8,potassium inwardly rectifying channel subfamily J member 8
KCNJ9,potassium inwardly rectifying channel subfamily J member 9
KCNK1,potassium two pore domain channel subfamily K member 1
KCNK10,potassium two pore domain channel subfamily K member 10
KCNK12,potassium two pore domain channel subfamily K member 12
KCNK13,potassium two pore domain channel subfamily K member 13
KCNK16,potassium two pore domain channel subfamily K member 16
KCNK17,potassium two pore domain channel subfamily K member 17
KCNK18,potassium two pore domain channel subfamily K member 18
KCNK2,potassium two pore domain channel subfamily K member 2
KCNK3,potassium two pore domain channel subfamily K member 3
KCNK4,potassium two pore domain channel subfamily K member 4
KCNK5,potassium two pore domain channel subfamily K member 5
KCNK6,potassium two pore domain channel subfamily K member 6
KCNK9,potassium two pore domain channel subfamily K member 9
KCNMA1,potassium calcium-activated channel subfamily M alpha 1
KCNMB1,potassium calcium-activated channel subfamily M regulatory beta subunit 1
KCNMB2,potassium calcium-activated channel subfamily M regulatory beta subunit 2
KCNMB3,potassium calcium-activated channel subfamily M regulatory beta subunit 3
KCNMB4,potassium calcium-activated channel subfamily M regulatory beta subunit 4
KCNN1,potassium calcium-activated channel subfamily N member 1
KCNN2,potassium calcium-activated channel subfamily N member 2
KCNN3,potassium calcium-activated channel subfamily N member 3
KCNN4,potassium calcium-activated channel subfamily N member 4
KCNQ1,potassium voltage-gated channel subfamily Q member 1
KCNQ2,potassium voltage-gated channel subfamily Q member 2
KCNQ3,potassium voltage-gated channel subfamily Q member 3
KCNQ4,potassium voltage-gated channel subfamily Q member 4
KCNQ5,potassium voltage-gated channel subfamily Q member 5
KCNS1,potassium voltage-gated channel modifier subfamily S member 1
KCNS3,potassium voltage-gated channel modifier subfamily S member 3
KCNT1,potassium sodium-activated channel subfamily T member 1
KCNT2,potassium sodium-activated channel subfamily T member 2
KCNU1,potassium calcium-activated channel subfamily U member 1
KCNV1,potassium voltage-gated channel modifier subfamily V member 1
KCNV2,potassium voltage-gated channel modifier subfamily V member 2
KCTD11,potassium channel tetramerization domain containing 11
KCTD12,potassium channel tetramerization domain containing 12
KCTD16,potassium channel tetramerization domain containing 16
KCTD8,potassium channel tetramerization domain containing 8
KDM1A,lysine demethylase 1A
KDM1B,lysine demethylase 1B
KDM2A,lysine demethylase 2A
KDM2B,lysine demethylase 2B
KDM3A,lysine demethylase 3A
KDM3B,lysine demethylase 3B
KDM4A,lysine demethylase 4A
KDM4B,lysine demethylase 4B
KDM4C,lysine demethylase 4C
KDM4D,lysine demethylase 4D
KDM4E,lysine demethylase 4E
KDM5A,lysine demethylase 5A
KDM5B,lysine demethylase 5B
KDM5C,lysine demethylase 5C
KDM6A,lysine demethylase 6A
KDM6B,lysine demethylase 6B
KDM7A,lysine demethylase 7A
KDR,kinase insert domain receptor
KEAP1,kelch like ECH associated protein 1
KEL,Kell metallo-endopeptidase (Kell blood group)
KHK,ketohexokinase
KHSRP,KH-type splicing regulatory protein
KIF11,kinesin family member 11
KIF14,kinesin family member 14
KIF15,kinesin family member 15
KIF18A,kinesin family member 18A
KIF1A,kinesin family member 1A
KIF1B,kinesin family member 1B
KIF20A,kinesin family member 20A
KIF20B,kinesin family member 20B
KIF23,kinesin family member 23
KIF2C,kinesin family member 2C
KIF3A,kinesin family member 3A
KIF3B,kinesin family member 3B
KIF5A,kinesin family member 5A
KIF5B,kinesin family member 5B
KIF6,kinesin family member 6
KIFC1,kinesin family member C1
KIR2DS2,"killer cell immunoglobulin like receptor, two Ig domains and short cytoplasmic tail 2"
KIR2DS4,"killer cell immunoglobulin like receptor, two Ig domains and short cytoplasmic tail 4 (gene/pseudogene)"
KIRREL2,kirre like nephrin family adhesion molecule 2
KISS1R,KISS1 receptor
KIT,"KIT proto-oncogene, receptor tyrosine kinase"
KITLG,KIT ligand
KLB,klotho beta
KLC1,kinesin light chain 1
KLC3,kinesin light chain 3
KLF10,KLF transcription factor 10
KLF4,KLF transcription factor 4
KLF5,KLF transcription factor 5
KLF9,KLF transcription factor 9
KLHDC2,kelch domain containing 2
KLK1,kallikrein 1
KLK13,kallikrein related peptidase 13
KLK14,kallikrein related peptidase 14
KLK2,kallikrein related peptidase 2
KLK3,kallikrein related peptidase 3
KLK4,kallikrein related peptidase 4
KLK5,kallikrein related peptidase 5
KLK6,kallikrein related peptidase 6
KLK7,kallikrein related peptidase 7
KLK8,kallikrein related peptidase 8
KLKB1,kallikrein B1
KLRD1,killer cell lectin like receptor D1
KLRK1,killer cell lectin like receptor K1
KMO,kynurenine 3-monooxygenase
KMT2A,lysine methyltransferase 2A
KMT2B,lysine methyltransferase 2B
KMT2C,lysine methyltransferase 2C
KMT2D,lysine methyltransferase 2D
KMT2E,lysine methyltransferase 2E (inactive)
KMT5A,lysine methyltransferase 5A
KMT5B,lysine methyltransferase 5B
KMT5C,lysine methyltransferase 5C
KNG1,kininogen 1
KPNA2,karyopherin subunit alpha 2
KPNB1,karyopherin subunit beta 1
KRAS,"KRAS proto-oncogene, GTPase"
KRT1,keratin 1
KRT10,keratin 10
KRT12,keratin 12
KRT14,keratin 14
KRT16,keratin 16
KRT17,keratin 17
KRT18,keratin 18
KRT19,keratin 19
KRT2,keratin 2
KRT20,keratin 20
KRT5,keratin 5
KRT6A,keratin 6A
KRT7,keratin 7
KRT8,keratin 8
KRT9,keratin 9
KRTAP10-4,keratin associated protein 10-4
KRTAP5-2,keratin associated protein 5-2
KRTAP5-3,keratin associated protein 5-3
KSR2,kinase suppressor of ras 2
KYAT1,kynurenine aminotransferase 1
KYAT3,kynurenine aminotransferase 3
KYNU,kynureninase
L1CAM,L1 cell adhesion molecule
L3HYPDH,trans-L-3-hydroxyproline dehydratase
L3MBTL1,L3MBTL histone methyl-lysine binding protein 1
L3MBTL3,L3MBTL histone methyl-lysine binding protein 3
L3MBTL4,L3MBTL histone methyl-lysine binding protein 4
LALBA,lactalbumin alpha
LAMB3,laminin subunit beta 3
LAMP1,lysosome associated membrane protein 1
LANCL2,LanC like glutathione S-transferase 2
LAP3,leucine aminopeptidase 3
LARGE1,LARGE xylosyl- and glucuronyltransferase 1
LARP7,"La ribonucleoprotein 7, transcriptional regulator"
LARS1,leucyl-tRNA synthetase 1
LARS2,"leucyl-tRNA synthetase 2, mitochondrial"
LAT,linker for activation of T cells
LATS1,large tumor suppressor kinase 1
LATS2,large tumor suppressor kinase 2
LAYN,layilin
LCAT,lecithin-cholesterol acyltransferase
LCK,"LCK proto-oncogene, Src family tyrosine kinase"
LCMT1,leucine carboxyl methyltransferase 1
LCMT2,leucine carboxyl methyltransferase 2
LCN1,lipocalin 1
LCN2,lipocalin 2
LCN9,lipocalin 9
LCT,lactase
LCTL,lactase like
LDHA,lactate dehydrogenase A
LDHAL6A,lactate dehydrogenase A like 6A
LDHAL6B,lactate dehydrogenase A like 6B
LDHB,lactate dehydrogenase B
LDHC,lactate dehydrogenase C
LDLR,low density lipoprotein receptor
LEF1,lymphoid enhancer binding factor 1
LEP,leptin
LEPR,leptin receptor
LGALS1,galectin 1
LGALS2,galectin 2
LGALS3,galectin 3
LGALS4,galectin 4
LGALS7,galectin 7
LGALS7B,galectin 7B
LGALS8,galectin 8
LGALS9,galectin 9
LGMN,legumain
LGR5,leucine rich repeat containing G protein-coupled receptor 5
LHCGR,luteinizing hormone/choriogonadotropin receptor
LIAS,lipoic acid synthetase
LIF,LIF interleukin 6 family cytokine
LIG1,DNA ligase 1
LIG3,DNA ligase 3
LIG4,DNA ligase 4
LIMK1,LIM domain kinase 1
LIMK2,LIM domain kinase 2
LIN28A,lin-28 RNA binding posttranscriptional regulator A
LINC00251,long intergenic non-protein coding RNA 251
LIPA,"lipase A, lysosomal acid type"
LIPC,"lipase C, hepatic type"
LIPE,"lipase E, hormone sensitive type"
LIPF,"lipase F, gastric type"
LIPG,"lipase G, endothelial type"
LIPT1,lipoyltransferase 1
LITAF,lipopolysaccharide induced TNF factor
LKAAEAR1,LKAAEAR motif containing 1
LMNA,lamin A/C
LMNTD1,lamin tail domain containing 1
LMO2,LIM domain only 2
LMTK3,lemur tyrosine kinase 3
LNPEP,leucyl and cystinyl aminopeptidase
LONP1,"lon peptidase 1, mitochondrial"
LOX,lysyl oxidase
LOXL1,lysyl oxidase like 1
LOXL2,lysyl oxidase like 2
LOXL3,lysyl oxidase like 3
LOXL4,lysyl oxidase like 4
LPA,lipoprotein(a)
LPAR1,lysophosphatidic acid receptor 1
LPAR2,lysophosphatidic acid receptor 2
LPAR3,lysophosphatidic acid receptor 3
LPAR4,lysophosphatidic acid receptor 4
LPAR5,lysophosphatidic acid receptor 5
LPAR6,lysophosphatidic acid receptor 6
LPL,lipoprotein lipase
LPO,lactoperoxidase
LRAT,lecithin retinol acyltransferase
LRBA,LPS responsive beige-like anchor protein
LRG1,leucine rich alpha-2-glycoprotein 1
LRMDA,leucine rich melanocyte differentiation associated
LRP1,LDL receptor related protein 1
LRP1B,LDL receptor related protein 1B
LRP2,LDL receptor related protein 2
LRP6,LDL receptor related protein 6
LRRC15,leucine rich repeat containing 15
LRRC32,leucine rich repeat containing 32
LRRC59,leucine rich repeat containing 59
LRRK2,leucine rich repeat kinase 2
LSM6,"LSM6 homolog, U6 small nuclear RNA and mRNA degradation associated"
LSS,lanosterol synthase
LST1,leukocyte specific transcript 1
LTA,lymphotoxin alpha
LTA4H,leukotriene A4 hydrolase
LTB,lymphotoxin beta
LTB4R,leukotriene B4 receptor
LTB4R2,leukotriene B4 receptor 2
LTC4S,leukotriene C4 synthase
LTF,lactotransferrin
LTK,leukocyte receptor tyrosine kinase
LUC7L2,"LUC7 like 2, pre-mRNA splicing factor"
LUM,lumican
LY96,lymphocyte antigen 96
LYN,"LYN proto-oncogene, Src family tyrosine kinase"
LYPLA1,lysophospholipase 1
LYPLA2,lysophospholipase 2
LYVE1,lymphatic vessel endothelial hyaluronan receptor 1
LYZ,lysozyme
M6PR,"mannose-6-phosphate receptor, cation dependent"
MACROD1,mono-ADP ribosylhydrolase 1
MACROD2,mono-ADP ribosylhydrolase 2
MAD1L1,mitotic arrest deficient 1 like 1
MADCAM1,mucosal vascular addressin cell adhesion molecule 1
MAEA,"macrophage erythroblast attacher, E3 ubiquitin ligase"
MAFK,MAF bZIP transcription factor K
MAG,myelin associated glycoprotein
MAGEA1,MAGE family member A1
MAGEA4,MAGE family member A4
MAGI3,"membrane associated guanylate kinase, WW and PDZ domain containing 3"
MAK,male germ cell associated kinase
MALT1,MALT1 paracaspase
MAML3,mastermind like transcriptional coactivator 3
MAN1A1,mannosidase alpha class 1A member 1
MAN1B1,mannosidase alpha class 1B member 1
MAN2A1,mannosidase alpha class 2A member 1
MAN2B1,mannosidase alpha class 2B member 1
MAN2B2,mannosidase alpha class 2B member 2
MANBA,mannosidase beta
MAOA,monoamine oxidase A
MAOB,monoamine oxidase B
MAP1A,microtubule associated protein 1A
MAP1B,microtubule associated protein 1B
MAP1LC3A,microtubule associated protein 1 light chain 3 alpha
MAP1LC3B,microtubule associated protein 1 light chain 3 beta
MAP2,microtubule associated protein 2
MAP2K1,mitogen-activated protein kinase kinase 1
MAP2K2,mitogen-activated protein kinase kinase 2
MAP2K3,mitogen-activated protein kinase kinase 3
MAP2K4,mitogen-activated protein kinase kinase 4
MAP2K5,mitogen-activated protein kinase kinase 5
MAP2K6,mitogen-activated protein kinase kinase 6
MAP2K7,mitogen-activated protein kinase kinase 7
MAP3K1,mitogen-activated protein kinase kinase kinase 1
MAP3K10,mitogen-activated protein kinase kinase kinase 10
MAP3K11,mitogen-activated protein kinase kinase kinase 11
MAP3K12,mitogen-activated protein kinase kinase kinase 12
MAP3K13,mitogen-activated protein kinase kinase kinase 13
MAP3K14,mitogen-activated protein kinase kinase kinase 14
MAP3K15,mitogen-activated protein kinase kinase kinase 15
MAP3K19,mitogen-activated protein kinase kinase kinase 19
MAP3K2,mitogen-activated protein kinase kinase kinase 2
MAP3K20,mitogen-activated protein kinase kinase kinase 20
MAP3K21,mitogen-activated protein kinase kinase kinase 21
MAP3K3,mitogen-activated protein kinase kinase kinase 3
MAP3K4,mitogen-activated protein kinase kinase kinase 4
MAP3K5,mitogen-activated protein kinase kinase kinase 5
MAP3K6,mitogen-activated protein kinase kinase kinase 6
MAP3K7,mitogen-activated protein kinase kinase kinase 7
MAP3K8,mitogen-activated protein kinase kinase kinase 8
MAP3K9,mitogen-activated protein kinase kinase kinase 9
MAP4,microtubule associated protein 4
MAP4K1,mitogen-activated protein kinase kinase kinase kinase 1
MAP4K2,mitogen-activated protein kinase kinase kinase kinase 2
MAP4K3,mitogen-activated protein kinase kinase kinase kinase 3
MAP4K4,mitogen-activated protein kinase kinase kinase kinase 4
MAP4K5,mitogen-activated protein kinase kinase kinase kinase 5
MAPK1,mitogen-activated protein kinase 1
MAPK10,mitogen-activated protein kinase 10
MAPK11,mitogen-activated protein kinase 11
MAPK12,mitogen-activated protein kinase 12
MAPK13,mitogen-activated protein kinase 13
MAPK14,mitogen-activated protein kinase 14
MAPK15,mitogen-activated protein kinase 15
MAPK3,mitogen-activated protein kinase 3
MAPK4,mitogen-activated protein kinase 4
MAPK6,mitogen-activated protein kinase 6
MAPK7,mitogen-activated protein kinase 7
MAPK8,mitogen-activated protein kinase 8
MAPK8IP1,mitogen-activated protein kinase 8 interacting protein 1
MAPK9,mitogen-activated protein kinase 9
MAPKAP1,MAPK associated protein 1
MAPKAPK2,MAPK activated protein kinase 2
MAPKAPK3,MAPK activated protein kinase 3
MAPKAPK5,MAPK activated protein kinase 5
MAPT,microtubule associated protein tau
MARCKSL1,MARCKS like 1
MARCO,macrophage receptor with collagenous structure
MARK1,microtubule affinity regulating kinase 1
MARK2,microtubule affinity regulating kinase 2
MARK3,microtubule affinity regulating kinase 3
MARK4,microtubule affinity regulating kinase 4
MARS1,methionyl-tRNA synthetase 1
MARS2,"methionyl-tRNA synthetase 2, mitochondrial"
MAS1,"MAS1 proto-oncogene, G protein-coupled receptor"
MASP1,MBL associated serine protease 1
MASP2,MBL associated serine protease 2
MAST1,microtubule associated serine/threonine kinase 1
MAST3,microtubule associated serine/threonine kinase 3
MAT1A,methionine adenosyltransferase 1A
MAT2A,methionine adenosyltransferase 2A
MAT2B,methionine adenosyltransferase 2 non-catalytic beta subunit
MATK,megakaryocyte-associated tyrosine kinase
MAX,MYC associated transcriptional regulator X
MB,myoglobin
MBD2,methyl-CpG binding domain protein 2
MBL2,mannose binding lectin 2
MBNL1,muscleblind like splicing regulator 1
MBOAT4,membrane bound ghrelin O-acyltransferase MBOAT4
MBP,myelin basic protein
MBTD1,mbt domain containing 1
MBTPS1,"membrane bound transcription factor peptidase, site 1"
MC1R,melanocortin 1 receptor
MC2R,melanocortin 2 receptor
MC3R,melanocortin 3 receptor
MC4R,melanocortin 4 receptor
MC5R,melanocortin 5 receptor
MCAT,malonyl-CoA-acyl carrier protein transacylase
MCCC1,methylcrotonyl-CoA carboxylase subunit 1
MCCC2,methylcrotonyl-CoA carboxylase subunit 2
MCHR1,melanin concentrating hormone receptor 1
MCHR2,melanin concentrating hormone receptor 2
MCL1,"MCL1 apoptosis regulator, BCL2 family member"
MCM4,minichromosome maintenance complex component 4
MCOLN1,mucolipin TRP cation channel 1
MCOLN2,mucolipin TRP cation channel 2
MCOLN3,mucolipin TRP cation channel 3
MCPH1,microcephalin 1
MDC1,mediator of DNA damage checkpoint 1
MDGA2,MAM domain containing glycosylphosphatidylinositol anchor 2
MDH1,malate dehydrogenase 1
MDH2,malate dehydrogenase 2
MDK,midkine
MDM2,MDM2 proto-oncogene
MDM4,MDM4 regulator of p53
MDN1,midasin AAA ATPase 1
ME1,malic enzyme 1
ME2,malic enzyme 2
ME3,malic enzyme 3
MECOM,MDS1 and EVI1 complex locus
MECP2,methyl-CpG binding protein 2
MED1,mediator complex subunit 1
MED12L,mediator complex subunit 12L
MED19,mediator complex subunit 19
MED4,mediator complex subunit 4
MEGF11,multiple EGF like domains 11
MEGF6,multiple EGF like domains 6
MELK,maternal embryonic leucine zipper kinase
MEN1,menin 1
MEP1A,meprin A subunit alpha
MEP1B,meprin A subunit beta
MERTK,"MER proto-oncogene, tyrosine kinase"
MET,"MET proto-oncogene, receptor tyrosine kinase"
METAP1,methionyl aminopeptidase 1
METAP2,methionyl aminopeptidase 2
METTL14,"methyltransferase 14, N6-adenosine-methyltransferase non-catalytic subunit"
METTL21A,"methyltransferase 21A, HSPA lysine"
METTL3,"methyltransferase 3, N6-adenosine-methyltransferase complex catalytic subunit"
MFN2,mitofusin 2
MGAM,maltase-glucoamylase
MGAM2,maltase-glucoamylase 2 (putative)
MGAT1,"alpha-1,3-mannosyl-glycoprotein 2-beta-N-acetylglucosaminyltransferase"
MGAT2,"alpha-1,6-mannosyl-glycoprotein 2-beta-N-acetylglucosaminyltransferase"
MGAT3,"beta-1,4-mannosyl-glycoprotein 4-beta-N-acetylglucosaminyltransferase"
MGAT4A,"alpha-1,3-mannosyl-glycoprotein 4-beta-N-acetylglucosaminyltransferase A"
MGLL,monoglyceride lipase
MGMT,O-6-methylguanine-DNA methyltransferase
MGP,matrix Gla protein
MGST1,microsomal glutathione S-transferase 1
MGST2,microsomal glutathione S-transferase 2
MGST3,microsomal glutathione S-transferase 3
MICA,MHC class I polypeptide-related sequence A
MICB,MHC class I polypeptide-related sequence B
MIEF2,mitochondrial elongation factor 2
MIF,macrophage migration inhibitory factor
MINK1,misshapen like kinase 1
MIP,major intrinsic protein of lens fiber
MIR1264,microRNA 1264
MIR1912,microRNA 1912
MIR2054,microRNA 2054
MIR3117,microRNA 3117
MIR4268,microRNA 4268
MIR4278,microRNA 4278
MIR4481,microRNA 4481
MIR582,microRNA 582
MIR6076,microRNA 6076
MISP,mitotic spindle positioning
MITF,melanocyte inducing transcription factor
MKI67,marker of proliferation Ki-67
MKNK1,MAPK interacting serine/threonine kinase 1
MKNK2,MAPK interacting serine/threonine kinase 2
MLH1,mutL homolog 1
MLKL,mixed lineage kinase domain like pseudokinase
MLLT1,MLLT1 super elongation complex subunit
MLLT3,MLLT3 super elongation complex subunit
MLN,motilin
MLNR,motilin receptor
MLST8,MTOR associated protein MLST8
MLX,MAX dimerization protein MLX
MLYCD,malonyl-CoA decarboxylase
MMAA,metabolism of cobalamin associated A
MMAB,metabolism of cobalamin associated B
MMACHC,metabolism of cobalamin associated C
MMADHC,metabolism of cobalamin associated D
MME,membrane metalloendopeptidase
MMP1,matrix metallopeptidase 1
MMP10,matrix metallopeptidase 10
MMP11,matrix metallopeptidase 11
MMP12,matrix metallopeptidase 12
MMP13,matrix metallopeptidase 13
MMP14,matrix metallopeptidase 14
MMP15,matrix metallopeptidase 15
MMP16,matrix metallopeptidase 16
MMP17,matrix metallopeptidase 17
MMP19,matrix metallopeptidase 19
MMP2,matrix metallopeptidase 2
MMP20,matrix metallopeptidase 20
MMP21,matrix metallopeptidase 21
MMP23B,matrix metallopeptidase 23B
MMP24,matrix metallopeptidase 24
MMP25,matrix metallopeptidase 25
MMP26,matrix metallopeptidase 26
MMP27,matrix metallopeptidase 27
MMP28,matrix metallopeptidase 28
MMP3,matrix metallopeptidase 3
MMP7,matrix metallopeptidase 7
MMP8,matrix metallopeptidase 8
MMP9,matrix metallopeptidase 9
MMUT,methylmalonyl-CoA mutase
MNAT1,MNAT1 component of CDK activating kinase
MNX1,motor neuron and pancreas homeobox 1
MOBP,myelin associated oligodendrocyte basic protein
MOCOS,molybdenum cofactor sulfurase
MOCS1,molybdenum cofactor synthesis 1
MOCS2,molybdenum cofactor synthesis 2
MOGAT2,monoacylglycerol O-acyltransferase 2
MPC1L,mitochondrial pyruvate carrier 1 like
MPC2,mitochondrial pyruvate carrier 2
MPEG1,macrophage expressed 1
MPG,N-methylpurine DNA glycosylase
MPHOSPH8,M-phase phosphoprotein 8
MPI,mannose phosphate isomerase
MPL,"MPL proto-oncogene, thrombopoietin receptor"
MPO,myeloperoxidase
MPPED2,metallophosphoesterase domain containing 2
MPST,mercaptopyruvate sulfurtransferase
MRC1,mannose receptor C-type 1
MRE11,MRE11 double strand break repair nuclease
MRGPRD,MAS related GPR family member D
MRGPRX1,MAS related GPR family member X1
MRGPRX2,MAS related GPR family member X2
MRGPRX4,MAS related GPR family member X4
MROH2A,maestro heat like repeat family member 2A
MRPL47,mitochondrial ribosomal protein L47
MRS2,magnesium transporter MRS2
MRTFA,myocardin related transcription factor A
MS4A1,membrane spanning 4-domains A1
MS4A2,membrane spanning 4-domains A2
MS4A3,membrane spanning 4-domains A3
MSANTD1,Myb/SANT DNA binding domain containing 1
MSH2,mutS homolog 2
MSH3,mutS homolog 3
MSH5,mutS homolog 5
MSH6,mutS homolog 6
MSMO1,methylsterol monooxygenase 1
MSR1,macrophage scavenger receptor 1
MSRA,methionine sulfoxide reductase A
MSRB1,methionine sulfoxide reductase B1
MSRB2,methionine sulfoxide reductase B2
MST1,macrophage stimulating 1
MST1R,macrophage stimulating 1 receptor
MSTN,myostatin
MT-ATP6,ATP synthase F0 subunit 6
MT-CO1,cytochrome c oxidase subunit I
MT-CO2,cytochrome c oxidase subunit II
MT-CO3,cytochrome c oxidase subunit III
MT-CYB,cytochrome b
MT-ND1,NADH dehydrogenase subunit 1
MT-ND2,NADH dehydrogenase subunit 2
MT-ND3,NADH dehydrogenase subunit 3
MT-ND4,NADH dehydrogenase subunit 4
MT-ND4L,NADH dehydrogenase subunit 4L
MT-ND5,NADH dehydrogenase subunit 5
MT-ND6,NADH dehydrogenase subunit 6
MT-RNR1,s-rRNA
MT1A,metallothionein 1A
MT1B,metallothionein 1B
MT1DP,"metallothionein 1D, pseudogene"
MT1E,metallothionein 1E
MT1F,metallothionein 1F
MT1G,metallothionein 1G
MT1H,metallothionein 1H
MT1HL1,metallothionein 1H like 1
MT1JP,"metallothionein 1J, pseudogene"
MT1L,metallothionein 1L (pseudogene)
MT1M,metallothionein 1M
MT1X,metallothionein 1X
MT2A,metallothionein 2A
MT3,metallothionein 3
MT4,metallothionein 4
MTAP,methylthioadenosine phosphorylase
MTF1,metal regulatory transcription factor 1
MTFMT,mitochondrial methionyl-tRNA formyltransferase
MTHFD1,"methylenetetrahydrofolate dehydrogenase, cyclohydrolase and formyltetrahydrofolate synthetase 1"
MTHFD2,"methylenetetrahydrofolate dehydrogenase (NADP+ dependent) 2, methenyltetrahydrofolate cyclohydrolase"
MTHFR,methylenetetrahydrofolate reductase
MTNR1A,melatonin receptor 1A
MTNR1B,melatonin receptor 1B
MTOR,mechanistic target of rapamycin kinase
MTR,5-methyltetrahydrofolate-homocysteine methyltransferase
MTREX,Mtr4 exosome RNA helicase
MTRR,5-methyltetrahydrofolate-homocysteine methyltransferase reductase
MTTP,microsomal triglyceride transfer protein
MUC1,"mucin 1, cell surface associated"
MUC16,"mucin 16, cell surface associated"
MUC2,"mucin 2, oligomeric mucus/gel-forming"
MUCL3,mucin like 3
MUSK,muscle associated receptor tyrosine kinase
MUTYH,mutY DNA glycosylase
MVD,mevalonate diphosphate decarboxylase
MVK,mevalonate kinase
MYB,"MYB proto-oncogene, transcription factor"
MYC,"MYC proto-oncogene, bHLH transcription factor"
MYCN,"MYCN proto-oncogene, bHLH transcription factor"
MYD88,MYD88 innate immune signal transduction adaptor
MYH10,myosin heavy chain 10
MYH11,myosin heavy chain 11
MYH14,myosin heavy chain 14
MYH7,myosin heavy chain 7
MYH9,myosin heavy chain 9
MYL12A,myosin light chain 12A
MYL6B,myosin light chain 6B
MYLIP,myosin regulatory light chain interacting protein
MYLK,myosin light chain kinase
MYLK2,myosin light chain kinase 2
MYLK3,myosin light chain kinase 3
MYLK4,myosin light chain kinase family member 4
MYO1E,myosin IE
MYO1H,myosin IH
MYO3A,myosin IIIA
MYO3B,myosin IIIB
MYO5B,myosin VB
MYO9B,myosin IXB
MYOC,myocilin
MYOCD,myocardin
MYOD1,myogenic differentiation 1
MYOF,myoferlin
MYOM2,myomesin 2
MYRF,myelin regulatory factor
MYT1,myelin transcription factor 1
MYT1L,myelin transcription factor 1 like
NAA40,"N-alpha-acetyltransferase 40, NatD catalytic subunit"
NAA50,"N-alpha-acetyltransferase 50, NatE catalytic subunit"
NAAA,N-acylethanolamine acid amidase
NAALAD2,N-acetylated alpha-linked acidic dipeptidase 2
NADK,NAD kinase
NADSYN1,NAD synthetase 1
NAE1,NEDD8 activating enzyme E1 subunit 1
NAGA,alpha-N-acetylgalactosaminidase
NAGK,N-acetylglucosamine kinase
NAGLU,N-acetyl-alpha-glucosaminidase
NAGPA,N-acetylglucosamine-1-phosphodiester alpha-N-acetylglucosaminidase
NAGS,N-acetylglutamate synthase
NAIP,NLR family apoptosis inhibitory protein
NALCN,"sodium leak channel, non-selective"
NAMPT,nicotinamide phosphoribosyltransferase
NANP,N-acetylneuraminic acid phosphatase
NAPEPLD,N-acyl phosphatidylethanolamine phospholipase D
NAPRT,nicotinate phosphoribosyltransferase
NARS1,asparaginyl-tRNA synthetase 1
NARS2,"asparaginyl-tRNA synthetase 2, mitochondrial"
NAT1,N-acetyltransferase 1
NAT10,N-acetyltransferase 10
NAT2,N-acetyltransferase 2
NBEA,neurobeachin
NBN,nibrin
NCAM1,neural cell adhesion molecule 1
NCAN,neurocan
NCEH1,neutral cholesterol ester hydrolase 1
NCF1,neutrophil cytosolic factor 1
NCF2,neutrophil cytosolic factor 2
NCF4,neutrophil cytosolic factor 4
NCK1,NCK adaptor protein 1
NCOA1,nuclear receptor coactivator 1
NCOA2,nuclear receptor coactivator 2
NCOA3,nuclear receptor coactivator 3
NCOA4,nuclear receptor coactivator 4
NCOA5,nuclear receptor coactivator 5
NCOA7,nuclear receptor coactivator 7
NCOR1,nuclear receptor corepressor 1
NCOR2,nuclear receptor corepressor 2
NCS1,neuronal calcium sensor 1
NCSTN,nicastrin
NDST1,N-deacetylase and N-sulfotransferase 1
NDUFA1,NADH:ubiquinone oxidoreductase subunit A1
NDUFA10,NADH:ubiquinone oxidoreductase subunit A10
NDUFA11,NADH:ubiquinone oxidoreductase subunit A11
NDUFA12,NADH:ubiquinone oxidoreductase subunit A12
NDUFA13,NADH:ubiquinone oxidoreductase subunit A13
NDUFA2,NADH:ubiquinone oxidoreductase subunit A2
NDUFA3,NADH:ubiquinone oxidoreductase subunit A3
NDUFA5,NADH:ubiquinone oxidoreductase subunit A5
NDUFA6,NADH:ubiquinone oxidoreductase subunit A6
NDUFA7,NADH:ubiquinone oxidoreductase subunit A7
NDUFA8,NADH:ubiquinone oxidoreductase subunit A8
NDUFA9,NADH:ubiquinone oxidoreductase subunit A9
NDUFAB1,NADH:ubiquinone oxidoreductase subunit AB1
NDUFB1,NADH:ubiquinone oxidoreductase subunit B1
NDUFB10,NADH:ubiquinone oxidoreductase subunit B10
NDUFB2,NADH:ubiquinone oxidoreductase subunit B2
NDUFB3,NADH:ubiquinone oxidoreductase subunit B3
NDUFB4,NADH:ubiquinone oxidoreductase subunit B4
NDUFB5,NADH:ubiquinone oxidoreductase subunit B5
NDUFB6,NADH:ubiquinone oxidoreductase subunit B6
NDUFB7,NADH:ubiquinone oxidoreductase subunit B7
NDUFB8,NADH:ubiquinone oxidoreductase subunit B8
NDUFB9,NADH:ubiquinone oxidoreductase subunit B9
NDUFC1,NADH:ubiquinone oxidoreductase subunit C1
NDUFC2,NADH:ubiquinone oxidoreductase subunit C2
NDUFS1,NADH:ubiquinone oxidoreductase core subunit S1
NDUFS2,NADH:ubiquinone oxidoreductase core subunit S2
NDUFS3,NADH:ubiquinone oxidoreductase core subunit S3
NDUFS4,NADH:ubiquinone oxidoreductase subunit S4
NDUFS5,NADH:ubiquinone oxidoreductase subunit S5
NDUFS6,NADH:ubiquinone oxidoreductase subunit S6
NDUFS7,NADH:ubiquinone oxidoreductase core subunit S7
NDUFS8,NADH:ubiquinone oxidoreductase core subunit S8
NDUFV1,NADH:ubiquinone oxidoreductase core subunit V1
NDUFV2,NADH:ubiquinone oxidoreductase core subunit V2
NDUFV3,NADH:ubiquinone oxidoreductase subunit V3
NECAB1,N-terminal EF-hand calcium binding protein 1
NECTIN4,nectin cell adhesion molecule 4
NEDD4,NEDD4 E3 ubiquitin protein ligase
NEDD4L,NEDD4 like E3 ubiquitin protein ligase
NEDD8,NEDD8 ubiquitin like modifier
NEFM,neurofilament medium chain
NEIL1,nei like DNA glycosylase 1
NEIL2,nei like DNA glycosylase 2
NEK1,NIMA related kinase 1
NEK10,NIMA related kinase 10
NEK11,NIMA related kinase 11
NEK2,NIMA related kinase 2
NEK3,NIMA related kinase 3
NEK4,NIMA related kinase 4
NEK5,NIMA related kinase 5
NEK6,NIMA related kinase 6
NEK7,NIMA related kinase 7
NEK8,NIMA related kinase 8
NEK9,NIMA related kinase 9
NELFCD,negative elongation factor complex member C/D
NELL1,neural EGFL like 1
NEU1,neuraminidase 1
NEU2,neuraminidase 2
NEU3,neuraminidase 3
NEU4,neuraminidase 4
NEUROD1,neuronal differentiation 1
NF1,neurofibromin 1
NF2,"NF2, moesin-ezrin-radixin like (MERLIN) tumor suppressor"
NFATC1,nuclear factor of activated T cells 1
NFATC2,nuclear factor of activated T cells 2
NFE2,"nuclear factor, erythroid 2"
NFE2L1,NFE2 like bZIP transcription factor 1
NFE2L2,NFE2 like bZIP transcription factor 2
NFIB,nuclear factor I B
NFKB1,nuclear factor kappa B subunit 1
NFKB2,nuclear factor kappa B subunit 2
NFKBIA,NFKB inhibitor alpha
NFS1,NFS1 cysteine desulfurase
NGB,neuroglobin
NGF,nerve growth factor
NGFR,nerve growth factor receptor
NHERF1,NHERF family PDZ scaffold protein 1
NHERF2,NHERF family PDZ scaffold protein 2
NHLH1,nescient helix-loop-helix 1
NIM1K,NIM1 serine/threonine protein kinase
NIP7,nucleolar pre-rRNA processing protein NIP7
NIPSNAP2,nipsnap homolog 2
NISCH,nischarin
NKAIN3,sodium/potassium transporting ATPase interacting 3
NKX2-5,NK2 homeobox 5
NKX3-2,NK3 homeobox 2
NKX6-1,NK6 homeobox 1
NLGN1,neuroligin 1
NLK,nemo like kinase
NLRP1,NLR family pyrin domain containing 1
NLRP3,NLR family pyrin domain containing 3
NLRX1,NLR family member X1
NMBR,neuromedin B receptor
NME1,NME/NM23 nucleoside diphosphate kinase 1
NME1-NME2,NME1-NME2 readthrough
NME2,NME/NM23 nucleoside diphosphate kinase 2
NMNAT1,nicotinamide nucleotide adenylyltransferase 1
NMNAT3,nicotinamide nucleotide adenylyltransferase 3
NMRAL1,NmrA like redox sensor 1
NMT1,N-myristoyltransferase 1
NMT2,N-myristoyltransferase 2
NMUR1,neuromedin U receptor 1
NMUR2,neuromedin U receptor 2
NNMT,nicotinamide N-methyltransferase
NNT,nicotinamide nucleotide transhydrogenase
NOC3L,NOC3 like DNA replication regulator
NOD1,nucleotide binding oligomerization domain containing 1
NOD2,nucleotide binding oligomerization domain containing 2
NOLC1,nucleolar and coiled-body phosphoprotein 1
NOMO1,NODAL modulator 1
NOP2,NOP2 nucleolar protein
NOS1,nitric oxide synthase 1
NOS1AP,nitric oxide synthase 1 adaptor protein
NOS2,nitric oxide synthase 2
NOS3,nitric oxide synthase 3
NOTCH1,notch receptor 1
NOTCH2,notch receptor 2
NOTCH3,notch receptor 3
NOTCH4,notch receptor 4
NOTUM,"notum, palmitoleoyl-protein carboxylesterase"
NOX1,NADPH oxidase 1
NOX3,NADPH oxidase 3
NOX4,NADPH oxidase 4
NOX5,NADPH oxidase 5
NOXO1,NADPH oxidase organizer 1
NPAS3,neuronal PAS domain protein 3
NPBWR1,neuropeptides B and W receptor 1
NPBWR2,neuropeptides B and W receptor 2
NPC1,NPC intracellular cholesterol transporter 1
NPC1L1,NPC1 like intracellular cholesterol transporter 1
NPEPPS,aminopeptidase puromycin sensitive
NPFFR1,neuropeptide FF receptor 1
NPFFR2,neuropeptide FF receptor 2
NPHS1,"NPHS1 adhesion molecule, nephrin"
NPIPB8,nuclear pore complex interacting protein family member B8
NPM1,nucleophosmin 1
NPPA,natriuretic peptide A
NPPA-AS1,NPPA antisense RNA 1
NPPB,natriuretic peptide B
NPPC,natriuretic peptide C
NPR1,natriuretic peptide receptor 1
NPR2,natriuretic peptide receptor 2
NPR3,natriuretic peptide receptor 3
NPSR1,neuropeptide S receptor 1
NPY,neuropeptide Y
NPY1R,neuropeptide Y receptor Y1
NPY2R,neuropeptide Y receptor Y2
NPY4R,neuropeptide Y receptor Y4
NPY4R2,neuropeptide Y receptor Y4-2
NPY5R,neuropeptide Y receptor Y5
NQO1,NAD(P)H quinone dehydrogenase 1
NQO2,N-ribosyldihydronicotinamide:quinone dehydrogenase 2
NR0B1,nuclear receptor subfamily 0 group B member 1
NR0B2,nuclear receptor subfamily 0 group B member 2
NR1D1,nuclear receptor subfamily 1 group D member 1
NR1D2,nuclear receptor subfamily 1 group D member 2
NR1H2,nuclear receptor subfamily 1 group H member 2
NR1H3,nuclear receptor subfamily 1 group H member 3
NR1H4,nuclear receptor subfamily 1 group H member 4
NR1I2,nuclear receptor subfamily 1 group I member 2
NR1I3,nuclear receptor subfamily 1 group I member 3
NR2C1,nuclear receptor subfamily 2 group C member 1
NR2C2,nuclear receptor subfamily 2 group C member 2
NR2E1,nuclear receptor subfamily 2 group E member 1
NR2E3,nuclear receptor subfamily 2 group E member 3
NR2F1,nuclear receptor subfamily 2 group F member 1
NR2F2,nuclear receptor subfamily 2 group F member 2
NR2F6,nuclear receptor subfamily 2 group F member 6
NR3C1,nuclear receptor subfamily 3 group C member 1
NR3C2,nuclear receptor subfamily 3 group C member 2
NR4A1,nuclear receptor subfamily 4 group A member 1
NR4A2,nuclear receptor subfamily 4 group A member 2
NR4A3,nuclear receptor subfamily 4 group A member 3
NR5A1,nuclear receptor subfamily 5 group A member 1
NR5A2,nuclear receptor subfamily 5 group A member 2
NRAS,"NRAS proto-oncogene, GTPase"
NRG1,neuregulin 1
NRG3,neuregulin 3
NRIP1,nuclear receptor interacting protein 1
NRP1,neuropilin 1
NRP2,neuropilin 2
NRXN1,neurexin 1
NSD1,nuclear receptor binding SET domain protein 1
NSD2,nuclear receptor binding SET domain protein 2
NSD3,nuclear receptor binding SET domain protein 3
NSDHL,NAD(P) dependent 3-beta-hydroxysteroid dehydrogenase NSDHL
NSF,"N-ethylmaleimide sensitive factor, vesicle fusing ATPase"
NSUN3,NOP2/Sun RNA methyltransferase 3
NT5C,"5', 3'-nucleotidase, cytosolic"
NT5C1A,"5'-nucleotidase, cytosolic IA"
NT5C2,"5'-nucleotidase, cytosolic II"
NT5C3A,"5'-nucleotidase, cytosolic IIIA"
NT5E,5'-nucleotidase ecto
NT5M,"5',3'-nucleotidase, mitochondrial"
NTF3,neurotrophin 3
NTMT1,N-terminal Xaa-Pro-Lys N-methyltransferase 1
NTMT2,N-terminal Xaa-Pro-Lys N-methyltransferase 2
NTNG1,netrin G1
NTRK1,neurotrophic receptor tyrosine kinase 1
NTRK2,neurotrophic receptor tyrosine kinase 2
NTRK3,neurotrophic receptor tyrosine kinase 3
NTS,neurotensin
NTSR1,neurotensin receptor 1
NTSR2,neurotensin receptor 2
NUAK1,NUAK family kinase 1
NUAK2,NUAK family kinase 2
NUBPL,"NUBP iron-sulfur cluster assembly factor, mitochondrial"
NUCB1,nucleobindin 1
NUCB2,nucleobindin 2
NUDC,"nuclear distribution C, dynein complex regulator"
NUDT1,nudix hydrolase 1
NUDT15,nudix hydrolase 15
NUDT2,nudix hydrolase 2
NUDT7,nudix hydrolase 7
NUDT9,nudix hydrolase 9
NUP153,nucleoporin 153
NUP50,nucleoporin 50
NUP62,nucleoporin 62
OAS1,2'-5'-oligoadenylate synthetase 1
OASL,2'-5'-oligoadenylate synthetase like
OAT,ornithine aminotransferase
OAZ1,ornithine decarboxylase antizyme 1
OBP2A,odorant binding protein 2A
OCLN,occludin
OCRL,OCRL inositol polyphosphate-5-phosphatase
ODC1,ornithine decarboxylase 1
OGA,O-GlcNAcase
OGDH,oxoglutarate dehydrogenase
OGFOD1,2-oxoglutarate and iron dependent oxygenase domain containing 1
OGFRL1,opioid growth factor receptor like 1
OGG1,8-oxoguanine DNA glycosylase
OGT,O-linked N-acetylglucosamine (GlcNAc) transferase
OLA1,Obg like ATPase 1
ONECUT1,one cut homeobox 1
OPA1,OPA1 mitochondrial dynamin like GTPase
OPCML,opioid binding protein/cell adhesion molecule like
OPLAH,"5-oxoprolinase, ATP-hydrolysing"
OPN1LW,"opsin 1, long wave sensitive"
OPN1MW,"opsin 1, medium wave sensitive"
OPN1SW,"opsin 1, short wave sensitive"
OPRD1,opioid receptor delta 1
OPRK1,opioid receptor kappa 1
OPRL1,opioid related nociceptin receptor 1
OPRM1,opioid receptor mu 1
OR10AE3P,olfactory receptor family 10 subfamily AE member 3 pseudogene
OR10P1,olfactory receptor family 10 subfamily P member 1
OR2B11,olfactory receptor family 2 subfamily B member 11
OR4D6,olfactory receptor family 4 subfamily D member 6
OR51E2,olfactory receptor family 51 subfamily E member 2
OR52E2,olfactory receptor family 52 subfamily E member 2
OR52J2P,olfactory receptor family 52 subfamily J member 2 pseudogene
OR52J3,olfactory receptor family 52 subfamily J member 3
ORAI1,ORAI calcium release-activated calcium modulator 1
ORAI2,ORAI calcium release-activated calcium modulator 2
ORAI3,ORAI calcium release-activated calcium modulator 3
ORM1,orosomucoid 1
ORM2,orosomucoid 2
ORMDL3,ORMDL sphingolipid biosynthesis regulator 3
OSGEP,O-sialoglycoprotein endopeptidase
OSGIN2,oxidative stress induced growth inhibitor family member 2
OSR1,odd-skipped related transcription factor 1
OTC,ornithine transcarbamylase
OTUB1,"OTU deubiquitinase, ubiquitin aldehyde binding 1"
OXCT1,3-oxoacid CoA-transferase 1
OXER1,oxoeicosanoid receptor 1
OXGR1,oxoglutarate receptor 1
OXSR1,oxidative stress responsive kinase 1
OXT,oxytocin/neurophysin I prepropeptide
OXTR,oxytocin receptor
P2RX1,purinergic receptor P2X 1
P2RX2,purinergic receptor P2X 2
P2RX3,purinergic receptor P2X 3
P2RX4,purinergic receptor P2X 4
P2RX5,purinergic receptor P2X 5
P2RX6,purinergic receptor P2X 6
P2RX7,purinergic receptor P2X 7
P2RY1,purinergic receptor P2Y1
P2RY10,P2Y receptor family member 10
P2RY11,purinergic receptor P2Y11
P2RY12,purinergic receptor P2Y12
P2RY13,purinergic receptor P2Y13
P2RY14,purinergic receptor P2Y14
P2RY2,purinergic receptor P2Y2
P2RY4,pyrimidinergic receptor P2Y4
P2RY6,pyrimidinergic receptor P2Y6
P2RY8,P2Y receptor family member 8
P3H1,prolyl 3-hydroxylase 1
P3H2,prolyl 3-hydroxylase 2
P3H3,prolyl 3-hydroxylase 3
P4HA1,prolyl 4-hydroxylase subunit alpha 1
P4HA2,prolyl 4-hydroxylase subunit alpha 2
P4HB,prolyl 4-hydroxylase subunit beta
P4HTM,"prolyl 4-hydroxylase, transmembrane"
PABPC1,poly(A) binding protein cytoplasmic 1
PACSIN2,protein kinase C and casein kinase substrate in neurons 2
PADI1,peptidyl arginine deiminase 1
PADI2,peptidyl arginine deiminase 2
PADI3,peptidyl arginine deiminase 3
PADI4,peptidyl arginine deiminase 4
PADI6,peptidyl arginine deiminase 6
PAEP,progestagen associated endometrial protein
PAFAH1B2,platelet activating factor acetylhydrolase 1b catalytic subunit 2
PAFAH1B3,platelet activating factor acetylhydrolase 1b catalytic subunit 3
PAH,phenylalanine hydroxylase
PAICS,phosphoribosylaminoimidazole carboxylase and phosphoribosylaminoimidazolesuccinocarboxamide synthase
PAK1,p21 (RAC1) activated kinase 1
PAK2,p21 (RAC1) activated kinase 2
PAK3,p21 (RAC1) activated kinase 3
PAK4,p21 (RAC1) activated kinase 4
PAK5,p21 (RAC1) activated kinase 5
PAK6,p21 (RAC1) activated kinase 6
PALB2,partner and localizer of BRCA2
PAM,peptidylglycine alpha-amidating monooxygenase
PANK2,pantothenate kinase 2
PANK3,pantothenate kinase 3
PANX1,pannexin 1
PANX2,pannexin 2
PANX3,pannexin 3
PAOX,polyamine oxidase
PAPLN,"papilin, proteoglycan like sulfated glycoprotein"
PAPOLA,poly(A) polymerase alpha
PAPPA,pappalysin 1
PAPPA2,pappalysin 2
PAPSS1,3'-phosphoadenosine 5'-phosphosulfate synthase 1
PARD3B,par-3 family cell polarity regulator beta
PARG,poly(ADP-ribose) glycohydrolase
PARK7,Parkinsonism associated deglycase
PARL,presenilin associated rhomboid like
PARN,poly(A)-specific ribonuclease
PARP1,poly(ADP-ribose) polymerase 1
PARP10,poly(ADP-ribose) polymerase family member 10
PARP11,poly(ADP-ribose) polymerase family member 11
PARP12,poly(ADP-ribose) polymerase family member 12
PARP14,poly(ADP-ribose) polymerase family member 14
PARP15,poly(ADP-ribose) polymerase family member 15
PARP16,poly(ADP-ribose) polymerase family member 16
PARP2,poly(ADP-ribose) polymerase 2
PARP3,poly(ADP-ribose) polymerase family member 3
PARP4,poly(ADP-ribose) polymerase family member 4
PARP6,poly(ADP-ribose) polymerase family member 6
PARP8,poly(ADP-ribose) polymerase family member 8
PARP9,poly(ADP-ribose) polymerase family member 9
PARS2,"prolyl-tRNA synthetase 2, mitochondrial"
PASK,PAS domain containing serine/threonine kinase
PAX2,paired box 2
PAX5,paired box 5
PAX8,paired box 8
PBK,PDZ binding kinase
PBRM1,polybromo 1
PC,pyruvate carboxylase
PCBD1,pterin-4 alpha-carbinolamine dehydratase 1
PCCA,propionyl-CoA carboxylase subunit alpha
PCCB,propionyl-CoA carboxylase subunit beta
PCDH19,protocadherin 19
PCGF3,polycomb group ring finger 3
PCK1,phosphoenolpyruvate carboxykinase 1
PCK2,"phosphoenolpyruvate carboxykinase 2, mitochondrial"
PCMT1,protein-L-isoaspartate (D-aspartate) O-methyltransferase
PCNA,proliferating cell nuclear antigen
PCSK1,proprotein convertase subtilisin/kexin type 1
PCSK2,proprotein convertase subtilisin/kexin type 2
PCSK4,proprotein convertase subtilisin/kexin type 4
PCSK5,proprotein convertase subtilisin/kexin type 5
PCSK6,proprotein convertase subtilisin/kexin type 6
PCSK7,proprotein convertase subtilisin/kexin type 7
PCSK9,proprotein convertase subtilisin/kexin type 9
PCTP,phosphatidylcholine transfer protein
PCYT1A,"phosphate cytidylyltransferase 1A, choline"
PCYT1B,"phosphate cytidylyltransferase 1B, choline"
PCYT2,"phosphate cytidylyltransferase 2, ethanolamine"
PDCD1,programmed cell death 1
PDCD1LG2,programmed cell death 1 ligand 2
PDCD4,programmed cell death 4
PDCD6,programmed cell death 6
PDCL3,phosducin like 3
PDE10A,phosphodiesterase 10A
PDE11A,phosphodiesterase 11A
PDE12,phosphodiesterase 12
PDE1A,phosphodiesterase 1A
PDE1B,phosphodiesterase 1B
PDE1C,phosphodiesterase 1C
PDE2A,phosphodiesterase 2A
PDE3A,phosphodiesterase 3A
PDE3B,phosphodiesterase 3B
PDE4A,phosphodiesterase 4A
PDE4B,phosphodiesterase 4B
PDE4C,phosphodiesterase 4C
PDE4D,phosphodiesterase 4D
PDE5A,phosphodiesterase 5A
PDE6A,phosphodiesterase 6A
PDE6B,phosphodiesterase 6B
PDE6C,phosphodiesterase 6C
PDE6D,phosphodiesterase 6D
PDE6G,phosphodiesterase 6G
PDE6H,phosphodiesterase 6H
PDE7A,phosphodiesterase 7A
PDE7B,phosphodiesterase 7B
PDE8A,phosphodiesterase 8A
PDE8B,phosphodiesterase 8B
PDE9A,phosphodiesterase 9A
PDF,"peptide deformylase, mitochondrial"
PDGFA,platelet derived growth factor subunit A
PDGFB,platelet derived growth factor subunit B
PDGFC,platelet derived growth factor C
PDGFD,platelet derived growth factor D
PDGFRA,platelet derived growth factor receptor alpha
PDGFRB,platelet derived growth factor receptor beta
PDHA1,pyruvate dehydrogenase E1 subunit alpha 1
PDHA2,pyruvate dehydrogenase E1 subunit alpha 2
PDHB,pyruvate dehydrogenase E1 subunit beta
PDHX,pyruvate dehydrogenase complex component X
PDIA2,protein disulfide isomerase family A member 2
PDIA3,protein disulfide isomerase family A member 3
PDIA6,protein disulfide isomerase family A member 6
PDK1,pyruvate dehydrogenase kinase 1
PDK2,pyruvate dehydrogenase kinase 2
PDK3,pyruvate dehydrogenase kinase 3
PDK4,pyruvate dehydrogenase kinase 4
PDPK1,3-phosphoinositide dependent protein kinase 1
PDXK,pyridoxal kinase
PDXP,pyridoxal phosphatase
PDYN,prodynorphin
PDZRN3,PDZ domain containing ring finger 3
PEAK1,pseudopodium enriched atypical kinase 1
PEAR1,platelet endothelial aggregation receptor 1
PEBP1,phosphatidylethanolamine binding protein 1
PEBP4,phosphatidylethanolamine binding protein 4
PECAM1,platelet and endothelial cell adhesion molecule 1
PECR,peroxisomal trans-2-enoyl-CoA reductase
PEF1,penta-EF-hand domain containing 1
PEPD,peptidase D
PER1,period circadian regulator 1
PER2,period circadian regulator 2
PERP,p53 apoptosis effector related to PMP22
PEX14,peroxisomal biogenesis factor 14
PEX5L,peroxisomal biogenesis factor 5 like
PF4,platelet factor 4
PFAS,phosphoribosylformylglycinamidine synthase
PFDN4,prefoldin subunit 4
PFKFB1,"6-phosphofructo-2-kinase/fructose-2,6-biphosphatase 1"
PFKFB2,"6-phosphofructo-2-kinase/fructose-2,6-biphosphatase 2"
PFKFB3,"6-phosphofructo-2-kinase/fructose-2,6-biphosphatase 3"
PFKFB4,"6-phosphofructo-2-kinase/fructose-2,6-biphosphatase 4"
PFKM,"phosphofructokinase, muscle"
PFKP,"phosphofructokinase, platelet"
PFN1,profilin 1
PFN2,profilin 2
PGA3,pepsinogen A3
PGA4,pepsinogen A4
PGA5,pepsinogen A5
PGAM1,phosphoglycerate mutase 1
PGAM2,phosphoglycerate mutase 2
PGAP6,post-GPI attachment to proteins 6
PGC,progastricsin
PGD,phosphogluconate dehydrogenase
PGF,placental growth factor
PGGT1B,protein geranylgeranyltransferase type I subunit beta
PGK1,phosphoglycerate kinase 1
PGK2,phosphoglycerate kinase 2
PGLYRP2,peptidoglycan recognition protein 2
PGLYRP3,peptidoglycan recognition protein 3
PGM1,phosphoglucomutase 1
PGR,progesterone receptor
PGRMC1,progesterone receptor membrane component 1
PHB1,prohibitin 1
PHB2,prohibitin 2
PHC1,polyhomeotic homolog 1
PHETA2,PH domain containing endocytic trafficking adaptor 2
PHEX,phosphate regulating endopeptidase X-linked
PHF2,PHD finger protein 2
PHF8,PHD finger protein 8
PHGDH,phosphoglycerate dehydrogenase
PHKA2,phosphorylase kinase regulatory subunit alpha 2
PHKG1,phosphorylase kinase catalytic subunit gamma 1
PHKG2,phosphorylase kinase catalytic subunit gamma 2
PHLPP1,PH domain and leucine rich repeat protein phosphatase 1
PHLPP2,PH domain and leucine rich repeat protein phosphatase 2
PHOSPHO1,phosphoethanolamine/phosphocholine phosphatase 1
PHOX2A,paired like homeobox 2A
PHPT1,phosphohistidine phosphatase 1
PHYKPL,5-phosphohydroxy-L-lysine phospho-lyase
PI3,peptidase inhibitor 3
PI4K2A,phosphatidylinositol 4-kinase type 2 alpha
PI4K2B,phosphatidylinositol 4-kinase type 2 beta
PI4KA,phosphatidylinositol 4-kinase alpha
PI4KB,phosphatidylinositol 4-kinase beta
PICK1,protein interacting with PRKCA 1
PIEZO1,piezo type mechanosensitive ion channel component 1 (Er blood group)
PIGM,phosphatidylinositol glycan anchor biosynthesis class M
PIK3C2A,phosphatidylinositol-4-phosphate 3-kinase catalytic subunit type 2 alpha
PIK3C2B,phosphatidylinositol-4-phosphate 3-kinase catalytic subunit type 2 beta
PIK3C2G,phosphatidylinositol-4-phosphate 3-kinase catalytic subunit type 2 gamma
PIK3C3,phosphatidylinositol 3-kinase catalytic subunit type 3
PIK3CA,"phosphatidylinositol-4,5-bisphosphate 3-kinase catalytic subunit alpha"
PIK3CB,"phosphatidylinositol-4,5-bisphosphate 3-kinase catalytic subunit beta"
PIK3CD,"phosphatidylinositol-4,5-bisphosphate 3-kinase catalytic subunit delta"
PIK3CG,"phosphatidylinositol-4,5-bisphosphate 3-kinase catalytic subunit gamma"
PIK3R1,phosphoinositide-3-kinase regulatory subunit 1
PIK3R2,phosphoinositide-3-kinase regulatory subunit 2
PIK3R3,phosphoinositide-3-kinase regulatory subunit 3
PIK3R4,phosphoinositide-3-kinase regulatory subunit 4
PIK3R5,phosphoinositide-3-kinase regulatory subunit 5
PIK3R6,phosphoinositide-3-kinase regulatory subunit 6
PIKFYVE,"phosphoinositide kinase, FYVE-type zinc finger containing"
PIM1,"Pim-1 proto-oncogene, serine/threonine kinase"
PIM2,"Pim-2 proto-oncogene, serine/threonine kinase"
PIM3,"Pim-3 proto-oncogene, serine/threonine kinase"
PIN1,"peptidylprolyl cis/trans isomerase, NIMA-interacting 1"
PIN4,"peptidylprolyl cis/trans isomerase, NIMA-interacting 4"
PINK1,PTEN induced kinase 1
PIP,prolactin induced protein
PIP4K2A,phosphatidylinositol-5-phosphate 4-kinase type 2 alpha
PIP4K2B,phosphatidylinositol-5-phosphate 4-kinase type 2 beta
PIP4K2C,phosphatidylinositol-5-phosphate 4-kinase type 2 gamma
PIP5K1A,phosphatidylinositol-4-phosphate 5-kinase type 1 alpha
PIP5K1B,phosphatidylinositol-4-phosphate 5-kinase type 1 beta
PIP5K1C,phosphatidylinositol-4-phosphate 5-kinase type 1 gamma
PIPOX,pipecolic acid and sarcosine oxidase
PIR,pirin
PISD,phosphatidylserine decarboxylase
PITPNA,phosphatidylinositol transfer protein alpha
PITRM1,pitrilysin metallopeptidase 1
PKD1,"polycystin 1, transient receptor potential channel interacting"
PKD1L3,"polycystin 1 like 3, transient receptor potential channel interacting"
PKD2,"polycystin 2, transient receptor potential cation channel"
PKD2L1,"polycystin 2 like 1, transient receptor potential cation channel"
PKIA,cAMP-dependent protein kinase inhibitor alpha
PKLR,pyruvate kinase L/R
PKM,pyruvate kinase M1/2
PKMYT1,"protein kinase, membrane associated tyrosine/threonine 1"
PKN1,protein kinase N1
PKN2,protein kinase N2
PKN3,protein kinase N3
PLA2G10,phospholipase A2 group X
PLA2G10BP,"phospholipase A2 group XB, pseudogene"
PLA2G12A,phospholipase A2 group XIIA
PLA2G12B,phospholipase A2 group XIIB
PLA2G15,phospholipase A2 group XV
PLA2G1B,phospholipase A2 group IB
PLA2G2A,phospholipase A2 group IIA
PLA2G2C,phospholipase A2 group IIC
PLA2G2D,phospholipase A2 group IID
PLA2G2E,phospholipase A2 group IIE
PLA2G2F,phospholipase A2 group IIF
PLA2G3,phospholipase A2 group III
PLA2G4A,phospholipase A2 group IVA
PLA2G4B,phospholipase A2 group IVB
PLA2G4C,phospholipase A2 group IVC
PLA2G5,phospholipase A2 group V
PLA2G6,phospholipase A2 group VI
PLA2G7,phospholipase A2 group VII
PLAA,phospholipase A2 activating protein
PLAAT2,phospholipase A and acyltransferase 2
PLAAT3,phospholipase A and acyltransferase 3
PLAAT4,phospholipase A and acyltransferase 4
PLAAT5,phospholipase A and acyltransferase 5
PLAGL1,PLAG1 like zinc finger 1
PLAT,"plasminogen activator, tissue type"
PLAU,"plasminogen activator, urokinase"
PLAUR,"plasminogen activator, urokinase receptor"
PLCB1,phospholipase C beta 1
PLCB3,phospholipase C beta 3
PLCD1,phospholipase C delta 1
PLCD3,phospholipase C delta 3
PLCE1,phospholipase C epsilon 1
PLCG1,phospholipase C gamma 1
PLCG2,phospholipase C gamma 2
PLCL1,phospholipase C like 1 (inactive)
PLCXD3,phosphatidylinositol specific phospholipase C X domain containing 3
PLD1,phospholipase D1
PLD2,phospholipase D2
PLD3,phospholipase D family member 3
PLEC,plectin
PLEKHA1,pleckstrin homology domain containing A1
PLEKHA4,pleckstrin homology domain containing A4
PLEKHA6,pleckstrin homology domain containing A6
PLEKHH2,"pleckstrin homology, MyTH4 and FERM domain containing H2"
PLEKHJ1,pleckstrin homology domain containing J1
PLG,plasminogen
PLIN1,perilipin 1
PLIN2,perilipin 2
PLIN5,perilipin 5
PLK1,polo like kinase 1
PLK2,polo like kinase 2
PLK3,polo like kinase 3
PLK4,polo like kinase 4
PLOD3,"procollagen-lysine,2-oxoglutarate 5-dioxygenase 3"
PLPBP,pyridoxal phosphate binding protein
PLTP,phospholipid transfer protein
PMAIP1,phorbol-12-myristate-13-acetate-induced protein 1
PMEL,premelanosome protein
PML,PML nuclear body scaffold
PMM2,phosphomannomutase 2
PMP2,peripheral myelin protein 2
PMP22,peripheral myelin protein 22
PMS2,"PMS1 homolog 2, mismatch repair system component"
PMVK,phosphomevalonate kinase
PNCK,pregnancy up-regulated nonubiquitous CaM kinase
PNKP,polynucleotide kinase 3'-phosphatase
PNLIP,pancreatic lipase
PNLIPRP2,pancreatic lipase related protein 2 (gene/pseudogene)
PNMT,phenylethanolamine N-methyltransferase
PNP,purine nucleoside phosphorylase
PNPLA2,"patatin like domain 2, triacylglycerol lipase"
PNPLA3,"patatin like domain 3, 1-acylglycerol-3-phosphate O-acyltransferase"
PNPO,pyridoxamine 5'-phosphate oxidase
PNPT1,polyribonucleotide nucleotidyltransferase 1
POLA1,"DNA polymerase alpha 1, catalytic subunit"
POLA2,"DNA polymerase alpha 2, accessory subunit"
POLB,DNA polymerase beta
POLD1,"DNA polymerase delta 1, catalytic subunit"
POLE,"DNA polymerase epsilon, catalytic subunit"
POLE2,"DNA polymerase epsilon 2, accessory subunit"
POLE3,"DNA polymerase epsilon 3, accessory subunit"
POLE4,"DNA polymerase epsilon 4, accessory subunit"
POLG,"DNA polymerase gamma, catalytic subunit"
POLH,DNA polymerase eta
POLI,DNA polymerase iota
POLK,DNA polymerase kappa
POLL,DNA polymerase lambda
POLM,DNA polymerase mu
POLN,DNA polymerase nu
POLQ,DNA polymerase theta
POLR1A,RNA polymerase I subunit A
POLR1G,RNA polymerase I subunit G
POLR1HASP,"POLR1H antisense, pseudogene"
POLR2A,RNA polymerase II subunit A
POLR2B,RNA polymerase II subunit B
POLR2C,RNA polymerase II subunit C
POLR3D,RNA polymerase III subunit D
POLR3G,RNA polymerase III subunit G
POLRMT,RNA polymerase mitochondrial
POM121L2,POM121 transmembrane nucleoporin like 2
POMC,proopiomelanocortin
POMT2,protein O-mannosyltransferase 2
PON1,paraoxonase 1
PON3,paraoxonase 3
POR,cytochrome p450 oxidoreductase
PORCN,porcupine O-acyltransferase
POU2F1,POU class 2 homeobox 1
POU2F2,POU class 2 homeobox 2
POU3F2,POU class 3 homeobox 2
POU3F3,POU class 3 homeobox 3
POU5F1,POU class 5 homeobox 1
PPA1,inorganic pyrophosphatase 1
PPA2,inorganic pyrophosphatase 2
PPARA,peroxisome proliferator activated receptor alpha
PPARD,peroxisome proliferator activated receptor delta
PPARG,peroxisome proliferator activated receptor gamma
PPARGC1B,PPARG coactivator 1 beta
PPAT,phosphoribosyl pyrophosphate amidotransferase
PPBP,pro-platelet basic protein
PPCDC,phosphopantothenoylcysteine decarboxylase
PPIA,peptidylprolyl isomerase A
PPIB,peptidylprolyl isomerase B
PPIC,peptidylprolyl isomerase C
PPID,peptidylprolyl isomerase D
PPIF,peptidylprolyl isomerase F
PPIG,peptidylprolyl isomerase G
PPIH,peptidylprolyl isomerase H
PPIL1,peptidylprolyl isomerase like 1
PPIP5K2,diphosphoinositol pentakisphosphate kinase 2
PPM1A,"protein phosphatase, Mg2+/Mn2+ dependent 1A"
PPM1B,"protein phosphatase, Mg2+/Mn2+ dependent 1B"
PPM1D,"protein phosphatase, Mg2+/Mn2+ dependent 1D"
PPME1,protein phosphatase methylesterase 1
PPOX,protoporphyrinogen oxidase
PPP1CA,protein phosphatase 1 catalytic subunit alpha
PPP1CC,protein phosphatase 1 catalytic subunit gamma
PPP1R13L,protein phosphatase 1 regulatory subunit 13 like
PPP1R15A,protein phosphatase 1 regulatory subunit 15A
PPP1R18,protein phosphatase 1 regulatory subunit 18
PPP1R1A,protein phosphatase 1 regulatory inhibitor subunit 1A
PPP1R1B,protein phosphatase 1 regulatory inhibitor subunit 1B
PPP2CA,protein phosphatase 2 catalytic subunit alpha
PPP2R1A,protein phosphatase 2 scaffold subunit Aalpha
PPP2R2A,protein phosphatase 2 regulatory subunit Balpha
PPP2R5A,protein phosphatase 2 regulatory subunit B'alpha
PPP2R5C,protein phosphatase 2 regulatory subunit B'gamma
PPP2R5D,protein phosphatase 2 regulatory subunit B'delta
PPP3CA,protein phosphatase 3 catalytic subunit alpha
PPP3CB,protein phosphatase 3 catalytic subunit beta
PPP3CC,protein phosphatase 3 catalytic subunit gamma
PPP3R1,"protein phosphatase 3 regulatory subunit B, alpha"
PPP3R2,"protein phosphatase 3 regulatory subunit B, beta"
PPP5C,protein phosphatase 5 catalytic subunit
PPP6C,protein phosphatase 6 catalytic subunit
PPT1,palmitoyl-protein thioesterase 1
PPY,pancreatic polypeptide
PRAP1,proline rich acidic protein 1
PRB2,proline rich protein BstNI subfamily 2
PRCP,prolylcarboxypeptidase
PRDM1,PR/SET domain 1
PRDM16,PR/SET domain 16
PRDM9,PR/SET domain 9
PRDX1,peroxiredoxin 1
PRDX2,peroxiredoxin 2
PRDX4,peroxiredoxin 4
PRDX5,peroxiredoxin 5
PRDX6,peroxiredoxin 6
PREP,prolyl endopeptidase
PRF1,perforin 1
PRIM1,DNA primase subunit 1
PRKAA1,protein kinase AMP-activated catalytic subunit alpha 1
PRKAA2,protein kinase AMP-activated catalytic subunit alpha 2
PRKAB1,protein kinase AMP-activated non-catalytic subunit beta 1
PRKAB2,protein kinase AMP-activated non-catalytic subunit beta 2
PRKACA,protein kinase cAMP-activated catalytic subunit alpha
PRKACB,protein kinase cAMP-activated catalytic subunit beta
PRKACG,protein kinase cAMP-activated catalytic subunit gamma
PRKAG1,protein kinase AMP-activated non-catalytic subunit gamma 1
PRKAG2,protein kinase AMP-activated non-catalytic subunit gamma 2
PRKAG3,protein kinase AMP-activated non-catalytic subunit gamma 3
PRKAR1A,protein kinase cAMP-dependent type I regulatory subunit alpha
PRKAR1B,protein kinase cAMP-dependent type I regulatory subunit beta
PRKAR2A,protein kinase cAMP-dependent type II regulatory subunit alpha
PRKAR2B,protein kinase cAMP-dependent type II regulatory subunit beta
PRKCA,protein kinase C alpha
PRKCB,protein kinase C beta
PRKCD,protein kinase C delta
PRKCE,protein kinase C epsilon
PRKCG,protein kinase C gamma
PRKCH,protein kinase C eta
PRKCI,protein kinase C iota
PRKCQ,protein kinase C theta
PRKCZ,protein kinase C zeta
PRKD1,protein kinase D1
PRKD2,protein kinase D2
PRKD3,protein kinase D3
PRKDC,"protein kinase, DNA-activated, catalytic subunit"
PRKG1,protein kinase cGMP-dependent 1
PRKG2,protein kinase cGMP-dependent 2
PRKN,parkin RBR E3 ubiquitin protein ligase
PRKX,protein kinase cAMP-dependent X-linked catalytic subunit
PRL,prolactin
PRLHR,prolactin releasing hormone receptor
PRLR,prolactin receptor
PRMT1,protein arginine methyltransferase 1
PRMT3,protein arginine methyltransferase 3
PRMT5,protein arginine methyltransferase 5
PRMT6,protein arginine methyltransferase 6
PRMT7,protein arginine methyltransferase 7
PRMT8,protein arginine methyltransferase 8
PRNP,prion protein (Kanno blood group)
PROC,"protein C, inactivator of coagulation factors Va and VIIIa"
PROCR,protein C receptor
PRODH,proline dehydrogenase 1
PROKR1,prokineticin receptor 1
PROKR2,prokineticin receptor 2
PRORP,protein only RNase P catalytic subunit
PROS1,protein S
PROX1,prospero homeobox 1
PROZ,"protein Z, vitamin K dependent plasma glycoprotein"
PRP4K,pre-mRNA processing factor kinase PRP4K
PRPF31,pre-mRNA processing factor 31
PRPF4,pre-mRNA splicing tri-snRNP complex factor PRPF4
PRPS1,phosphoribosyl pyrophosphate synthetase 1
PRPSAP2,phosphoribosyl pyrophosphate synthetase associated protein 2
PRRC2A,proline rich coiled-coil 2A
PRRT2,proline rich transmembrane protein 2
PRSS1,serine protease 1
PRSS12,serine protease 12
PRSS2,serine protease 2
PRSS3,serine protease 3
PRSS53,serine protease 53
PRSS8,serine protease 8
PRTN3,proteinase 3
PRUNE1,prune exopolyphosphatase 1
PRXL2A,peroxiredoxin like 2A
PSAP,prosaposin
PSAT1,phosphoserine aminotransferase 1
PSD,pleckstrin and Sec7 domain containing
PSEN1,presenilin 1
PSEN2,presenilin 2
PSENEN,"presenilin enhancer, gamma-secretase subunit"
PSG5,pregnancy specific beta-1-glycoprotein 5
PSIP1,PC4 and SRSF1 interacting protein 1
PSMA1,proteasome 20S subunit alpha 1
PSMA2,proteasome 20S subunit alpha 2
PSMA3,proteasome 20S subunit alpha 3
PSMA4,proteasome 20S subunit alpha 4
PSMA5,proteasome 20S subunit alpha 5
PSMA6,proteasome 20S subunit alpha 6
PSMA7,proteasome 20S subunit alpha 7
PSMA8,proteasome 20S subunit alpha 8
PSMB1,proteasome 20S subunit beta 1
PSMB10,proteasome 20S subunit beta 10
PSMB11,proteasome subunit beta 11
PSMB2,proteasome 20S subunit beta 2
PSMB3,proteasome 20S subunit beta 3
PSMB3P1,proteasome subunit beta 3 pseudogene 1
PSMB3P2,proteasome subunit beta 3 pseudogene 2
PSMB4,proteasome 20S subunit beta 4
PSMB5,proteasome 20S subunit beta 5
PSMB6,proteasome 20S subunit beta 6
PSMB7,proteasome 20S subunit beta 7
PSMB8,proteasome 20S subunit beta 8
PSMB9,proteasome 20S subunit beta 9
PSMC1,"proteasome 26S subunit, ATPase 1"
PSMC2,"proteasome 26S subunit, ATPase 2"
PSMC3,"proteasome 26S subunit, ATPase 3"
PSMC3IP,PSMC3 interacting protein
PSMC4,"proteasome 26S subunit, ATPase 4"
PSMC5,"proteasome 26S subunit, ATPase 5"
PSMC6,"proteasome 26S subunit, ATPase 6"
PSMD1,"proteasome 26S subunit, non-ATPase 1"
PSMD10,"proteasome 26S subunit, non-ATPase 10"
PSMD11,"proteasome 26S subunit, non-ATPase 11"
PSMD12,"proteasome 26S subunit, non-ATPase 12"
PSMD13,"proteasome 26S subunit, non-ATPase 13"
PSMD14,"proteasome 26S subunit, non-ATPase 14"
PSMD2,"proteasome 26S subunit ubiquitin receptor, non-ATPase 2"
PSMD3,"proteasome 26S subunit, non-ATPase 3"
PSMD4,"proteasome 26S subunit ubiquitin receptor, non-ATPase 4"
PSMD5,"proteasome 26S subunit, non-ATPase 5"
PSMD6,"proteasome 26S subunit, non-ATPase 6"
PSMD7,"proteasome 26S subunit, non-ATPase 7"
PSMD8,"proteasome 26S subunit, non-ATPase 8"
PSMD9,"proteasome 26S subunit, non-ATPase 9"
PSME1,proteasome activator subunit 1
PSME2,proteasome activator subunit 2
PSME3,proteasome activator subunit 3
PSME4,proteasome activator subunit 4
PSMF1,proteasome inhibitor subunit 1
PSMG3,proteasome assembly chaperone 3
PSORS1C1,psoriasis susceptibility 1 candidate 1
PSORS1C2,psoriasis susceptibility 1 candidate 2
PSORS1C3,psoriasis susceptibility 1 candidate 3
PSPH,phosphoserine phosphatase
PTAFR,platelet activating factor receptor
PTBP1,polypyrimidine tract binding protein 1
PTCH1,patched 1
PTDSS1,phosphatidylserine synthase 1
PTDSS2,phosphatidylserine synthase 2
PTEN,phosphatase and tensin homolog
PTGDR,prostaglandin D2 receptor
PTGDR2,prostaglandin D2 receptor 2
PTGDS,prostaglandin D2 synthase
PTGER1,prostaglandin E receptor 1
PTGER2,prostaglandin E receptor 2
PTGER3,prostaglandin E receptor 3
PTGER4,prostaglandin E receptor 4
PTGES,prostaglandin E synthase
PTGES2,prostaglandin E synthase 2
PTGES3,prostaglandin E synthase 3
PTGFR,prostaglandin F receptor
PTGIR,prostaglandin I2 receptor
PTGIS,prostaglandin I2 synthase
PTGR1,prostaglandin reductase 1
PTGR2,prostaglandin reductase 2
PTGS1,prostaglandin-endoperoxide synthase 1
PTGS2,prostaglandin-endoperoxide synthase 2
PTH,parathyroid hormone
PTH1R,parathyroid hormone 1 receptor
PTH2R,parathyroid hormone 2 receptor
PTHLH,parathyroid hormone like hormone
PTK2,protein tyrosine kinase 2
PTK2B,protein tyrosine kinase 2 beta
PTK6,protein tyrosine kinase 6
PTMA,prothymosin alpha
PTN,pleiotrophin
PTP4A1,protein tyrosine phosphatase 4A1
PTP4A2,protein tyrosine phosphatase 4A2
PTP4A3,protein tyrosine phosphatase 4A3
PTPN1,protein tyrosine phosphatase non-receptor type 1
PTPN11,protein tyrosine phosphatase non-receptor type 11
PTPN12,protein tyrosine phosphatase non-receptor type 12
PTPN13,protein tyrosine phosphatase non-receptor type 13
PTPN14,protein tyrosine phosphatase non-receptor type 14
PTPN2,protein tyrosine phosphatase non-receptor type 2
PTPN22,protein tyrosine phosphatase non-receptor type 22
PTPN3,protein tyrosine phosphatase non-receptor type 3
PTPN4,protein tyrosine phosphatase non-receptor type 4
PTPN5,protein tyrosine phosphatase non-receptor type 5
PTPN6,protein tyrosine phosphatase non-receptor type 6
PTPN7,protein tyrosine phosphatase non-receptor type 7
PTPN9,protein tyrosine phosphatase non-receptor type 9
PTPRA,protein tyrosine phosphatase receptor type A
PTPRB,protein tyrosine phosphatase receptor type B
PTPRC,protein tyrosine phosphatase receptor type C
PTPRCAP,protein tyrosine phosphatase receptor type C associated protein
PTPRD,protein tyrosine phosphatase receptor type D
PTPRE,protein tyrosine phosphatase receptor type E
PTPRF,protein tyrosine phosphatase receptor type F
PTPRG,protein tyrosine phosphatase receptor type G
PTPRJ,protein tyrosine phosphatase receptor type J
PTPRM,protein tyrosine phosphatase receptor type M
PTPRN2,protein tyrosine phosphatase receptor type N2
PTPRO,protein tyrosine phosphatase receptor type O
PTPRS,protein tyrosine phosphatase receptor type S
PTPRZ1,protein tyrosine phosphatase receptor type Z1
PTS,6-pyruvoyltetrahydropterin synthase
PURA,purine rich element binding protein A
PVALB,parvalbumin
PVR,PVR cell adhesion molecule
PVT1,Pvt1 oncogene
PXN,paxillin
PYCR1,pyrroline-5-carboxylate reductase 1
PYCR2,pyrroline-5-carboxylate reductase 2
PYCR3,pyrroline-5-carboxylate reductase 3
PYGB,glycogen phosphorylase B
PYGL,glycogen phosphorylase L
PYGM,"glycogen phosphorylase, muscle associated"
PYROXD2,pyridine nucleotide-disulphide oxidoreductase domain 2
PYY,peptide YY
PZP,PZP alpha-2-macroglobulin like
QARS1,glutaminyl-tRNA synthetase 1
QDPR,quinoid dihydropteridine reductase
QPCT,glutaminyl-peptide cyclotransferase
QPCTL,glutaminyl-peptide cyclotransferase like
QPRT,quinolinate phosphoribosyltransferase
QRFPR,pyroglutamylated RFamide peptide receptor
QSOX1,quiescin sulfhydryl oxidase 1
RAB10,"RAB10, member RAS oncogene family"
RAB27A,"RAB27A, member RAS oncogene family"
RAB29,"RAB29, member RAS oncogene family"
RAB2A,"RAB2A, member RAS oncogene family"
RAB5A,"RAB5A, member RAS oncogene family"
RAB6A,"RAB6A, member RAS oncogene family"
RAB7A,"RAB7A, member RAS oncogene family"
RAB8B,"RAB8B, member RAS oncogene family"
RAB9A,"RAB9A, member RAS oncogene family"
RABEP1,"rabaptin, RAB GTPase binding effector protein 1"
RABGAP1L,RAB GTPase activating protein 1 like
RABGGTA,Rab geranylgeranyltransferase subunit alpha
RABGGTB,Rab geranylgeranyltransferase subunit beta
RABL3,"RAB, member of RAS oncogene family like 3"
RAC1,Rac family small GTPase 1
RAC2,Rac family small GTPase 2
RACGAP1,Rac GTPase activating protein 1
RACK1,receptor for activated C kinase 1
RAD1,RAD1 checkpoint DNA exonuclease
RAD18,RAD18 E3 ubiquitin protein ligase
RAD50,RAD50 double strand break repair protein
RAD51,RAD51 recombinase
RAD51C,RAD51 paralog C
RAD52,RAD52 DNA repair protein
RAD54L,RAD54 like
RAF1,"Raf-1 proto-oncogene, serine/threonine kinase"
RALA,RAS like proto-oncogene A
RALBP1,ralA binding protein 1
RAMP1,receptor activity modifying protein 1
RAMP2,receptor activity modifying protein 2
RAMP3,receptor activity modifying protein 3
RAN,"RAN, member RAS oncogene family"
RANBP1,RAN binding protein 1
RAP1A,"RAP1A, member of RAS oncogene family"
RAPGEF1,Rap guanine nucleotide exchange factor 1
RAPGEF3,Rap guanine nucleotide exchange factor 3
RAPGEF4,Rap guanine nucleotide exchange factor 4
RARA,retinoic acid receptor alpha
RARB,retinoic acid receptor beta
RARG,retinoic acid receptor gamma
RARRES1,retinoic acid receptor responder 1
RASGRP1,RAS guanyl releasing protein 1
RASGRP3,RAS guanyl releasing protein 3
RB1,RB transcriptional corepressor 1
RBBP4,"RB binding protein 4, chromatin remodeling factor"
RBBP5,"RB binding protein 5, histone lysine methyltransferase complex subunit"
RBBP9,"RB binding protein 9, serine hydrolase"
RBL1,RB transcriptional corepressor like 1
RBL2,RB transcriptional corepressor like 2
RBM17,RNA binding motif protein 17
RBMS3,RNA binding motif single stranded interacting protein 3
RBP1,retinol binding protein 1
RBP2,retinol binding protein 2
RBP3,retinol binding protein 3
RBP4,retinol binding protein 4
RBP5,retinol binding protein 5
RBX1,ring-box 1
RCAN1,regulator of calcineurin 1
RCE1,Ras converting CAAX endopeptidase 1
RCOR1,REST corepressor 1
RCOR3,REST corepressor 3
RCVRN,recoverin
RDH5,retinol dehydrogenase 5
RDX,radixin
RECQL,RecQ like helicase
REEP5,receptor accessory protein 5
REG1A,regenerating family member 1 alpha
REG3A,regenerating family member 3 alpha
RELA,"RELA proto-oncogene, NF-kB subunit"
REN,renin
RENBP,renin binding protein
RET,ret proto-oncogene
REV1,REV1 DNA directed polymerase
REV3L,"REV3 like, DNA directed polymerase zeta catalytic subunit"
RFC1,replication factor C subunit 1
RFK,riboflavin kinase
RFPL4B,ret finger protein like 4B
RGL4,ral guanine nucleotide dissociation stimulator like 4
RGN,regucalcin
RGS12,regulator of G protein signaling 12
RGS16,regulator of G protein signaling 16
RGS17,regulator of G protein signaling 17
RGS19,regulator of G protein signaling 19
RGS2,regulator of G protein signaling 2
RGS4,regulator of G protein signaling 4
RGS5,regulator of G protein signaling 5
RGS7,regulator of G protein signaling 7
RGS8,regulator of G protein signaling 8
RHAG,Rh associated glycoprotein
RHBDF2,rhomboid 5 homolog 2
RHCG,Rh family C glycoprotein
RHEB,"Ras homolog, mTORC1 binding"
RHO,rhodopsin
RHOA,ras homolog family member A
RHOB,ras homolog family member B
RHOC,ras homolog family member C
RHOG,ras homolog family member G
RIC3,RIC3 acetylcholine receptor chaperone
RICTOR,RPTOR independent companion of MTOR complex 2
RIMS1,regulating synaptic membrane exocytosis 1
RIN1,Ras and Rab interactor 1
RIOK1,RIO kinase 1
RIOK2,RIO kinase 2
RIOK3,RIO kinase 3
RIPK1,receptor interacting serine/threonine kinase 1
RIPK2,receptor interacting serine/threonine kinase 2
RIPK3,receptor interacting serine/threonine kinase 3
RIPK4,receptor interacting serine/threonine kinase 4
RIPOR2,RHO family interacting cell polarization regulator 2
RLN2,relaxin 2
RNASE1,"ribonuclease A family member 1, pancreatic"
RNASE2,ribonuclease A family member 2
RNASE3,ribonuclease A family member 3
RNASE4,ribonuclease A family member 4
RNASEH1,ribonuclease H1
RNASEH2A,ribonuclease H2 subunit A
RNASEL,ribonuclease L
RND3,Rho family GTPase 3
RNF112,ring finger protein 112
RNF8,ring finger protein 8
RNMT,RNA guanine-7 methyltransferase
RNPEP,arginyl aminopeptidase
ROCK1,Rho associated coiled-coil containing protein kinase 1
ROCK2,Rho associated coiled-coil containing protein kinase 2
RORA,RAR related orphan receptor A
RORB,RAR related orphan receptor B
RORC,RAR related orphan receptor C
ROS1,"ROS proto-oncogene 1, receptor tyrosine kinase"
RPA1,replication protein A1
RPE,ribulose-5-phosphate-3-epimerase
RPE65,retinoid isomerohydrolase RPE65
RPIA,ribose 5-phosphate isomerase A
RPL10,ribosomal protein L10
RPL10A,ribosomal protein L10a
RPL10L,ribosomal protein L10 like
RPL11,ribosomal protein L11
RPL12,ribosomal protein L12
RPL13,ribosomal protein L13
RPL13A,ribosomal protein L13a
RPL14,ribosomal protein L14
RPL15,ribosomal protein L15
RPL17,ribosomal protein L17
RPL18,ribosomal protein L18
RPL18A,ribosomal protein L18a
RPL19,ribosomal protein L19
RPL21,ribosomal protein L21
RPL22,ribosomal protein L22
RPL23,ribosomal protein L23
RPL23A,ribosomal protein L23a
RPL24,ribosomal protein L24
RPL26,ribosomal protein L26
RPL26L1,ribosomal protein L26 like 1
RPL27,ribosomal protein L27
RPL27A,ribosomal protein L27a
RPL28,ribosomal protein L28
RPL29,ribosomal protein L29
RPL3,ribosomal protein L3
RPL30,ribosomal protein L30
RPL31,ribosomal protein L31
RPL32,ribosomal protein L32
RPL34,ribosomal protein L34
RPL35,ribosomal protein L35
RPL35A,ribosomal protein L35a
RPL36,ribosomal protein L36
RPL36A,ribosomal protein L36a
RPL37,ribosomal protein L37
RPL37A,ribosomal protein L37a
RPL38,ribosomal protein L38
RPL39,ribosomal protein L39
RPL4,ribosomal protein L4
RPL41,ribosomal protein L41
RPL5,ribosomal protein L5
RPL6,ribosomal protein L6
RPL7,ribosomal protein L7
RPL7A,ribosomal protein L7a
RPL8,ribosomal protein L8
RPL9,ribosomal protein L9
RPLP0,ribosomal protein lateral stalk subunit P0
RPLP1,ribosomal protein lateral stalk subunit P1
RPP30,ribonuclease P/MRP subunit p30
RPS10,ribosomal protein S10
RPS11,ribosomal protein S11
RPS12,ribosomal protein S12
RPS13,ribosomal protein S13
RPS14,ribosomal protein S14
RPS15,ribosomal protein S15
RPS15A,ribosomal protein S15a
RPS16,ribosomal protein S16
RPS17,ribosomal protein S17
RPS18,ribosomal protein S18
RPS19,ribosomal protein S19
RPS2,ribosomal protein S2
RPS20,ribosomal protein S20
RPS21,ribosomal protein S21
RPS23,ribosomal protein S23
RPS24,ribosomal protein S24
RPS25,ribosomal protein S25
RPS26,ribosomal protein S26
RPS27,ribosomal protein S27
RPS27A,ribosomal protein S27a
RPS28,ribosomal protein S28
RPS29,ribosomal protein S29
RPS3,ribosomal protein S3
RPS3A,ribosomal protein S3A
RPS4X,ribosomal protein S4 X-linked
RPS4Y1,ribosomal protein S4 Y-linked 1
RPS5,ribosomal protein S5
RPS6,ribosomal protein S6
RPS6KA1,ribosomal protein S6 kinase A1
RPS6KA2,ribosomal protein S6 kinase A2
RPS6KA3,ribosomal protein S6 kinase A3
RPS6KA4,ribosomal protein S6 kinase A4
RPS6KA5,ribosomal protein S6 kinase A5
RPS6KA6,ribosomal protein S6 kinase A6
RPS6KB1,ribosomal protein S6 kinase B1
RPS6KB2,ribosomal protein S6 kinase B2
RPS7,ribosomal protein S7
RPS8,ribosomal protein S8
RPS9,ribosomal protein S9
RPSA,ribosomal protein SA
RPTOR,regulatory associated protein of MTOR complex 1
RRAS2,RAS related 2
RRBP1,ribosome binding protein 1
RRM1,ribonucleotide reductase catalytic subunit M1
RRM2,ribonucleotide reductase regulatory subunit M2
RRM2B,ribonucleotide reductase regulatory TP53 inducible subunit M2B
RRP1B,ribosomal RNA processing 1B
RRP7A,ribosomal RNA processing 7 homolog A
RSL24D1,ribosomal L24 domain containing 1
RTCB,"RNA 2',3'-cyclic phosphate and 5'-OH ligase"
RTKN2,rhotekin 2
RUNDC3B,RUN domain containing 3B
RUNX1,RUNX family transcription factor 1
RUNX3,RUNX family transcription factor 3
RUVBL1,RuvB like AAA ATPase 1
RUVBL2,RuvB like AAA ATPase 2
RXFP1,relaxin family peptide receptor 1
RXFP2,relaxin family peptide receptor 2
RXFP3,relaxin family peptide receptor 3
RXFP4,relaxin family peptide/INSL5 receptor 4
RXRA,retinoid X receptor alpha
RXRB,retinoid X receptor beta
RXRG,retinoid X receptor gamma
RYR1,ryanodine receptor 1
RYR2,ryanodine receptor 2
RYR3,ryanodine receptor 3
S100A1,S100 calcium binding protein A1
S100A10,S100 calcium binding protein A10
S100A11,S100 calcium binding protein A11
S100A12,S100 calcium binding protein A12
S100A13,S100 calcium binding protein A13
S100A16,S100 calcium binding protein A16
S100A2,S100 calcium binding protein A2
S100A4,S100 calcium binding protein A4
S100A6,S100 calcium binding protein A6
S100A7,S100 calcium binding protein A7
S100A8,S100 calcium binding protein A8
S100A9,S100 calcium binding protein A9
S100B,S100 calcium binding protein B
S100G,S100 calcium binding protein G
S100P,S100 calcium binding protein P
S1PR1,sphingosine-1-phosphate receptor 1
S1PR2,sphingosine-1-phosphate receptor 2
S1PR3,sphingosine-1-phosphate receptor 3
S1PR4,sphingosine-1-phosphate receptor 4
S1PR5,sphingosine-1-phosphate receptor 5
SAA1,serum amyloid A1
SACM1L,SAC1 like phosphatidylinositide phosphatase
SAE1,SUMO1 activating enzyme subunit 1
SAG,S-antigen visual arrestin
SARDH,sarcosine dehydrogenase
SARM1,sterile alpha and TIR motif containing 1
SARS1,seryl-tRNA synthetase 1
SAT1,spermidine/spermine N1-acetyltransferase 1
SAT2,spermidine/spermine N1-acetyltransferase family member 2
SBK1,SH3 domain binding kinase 1
SBK3,SH3 domain binding kinase family member 3
SCAP,SREBF chaperone
SCARB1,scavenger receptor class B member 1
SCD,stearoyl-CoA desaturase
SCD5,stearoyl-CoA desaturase 5
SCG5,secretogranin V
SCGB1A1,secretoglobin family 1A member 1
SCGB3A1,secretoglobin family 3A member 1
SCLY,selenocysteine lyase
SCMH1,Scm polycomb group protein homolog 1
SCN10A,sodium voltage-gated channel alpha subunit 10
SCN11A,sodium voltage-gated channel alpha subunit 11
SCN1A,sodium voltage-gated channel alpha subunit 1
SCN1B,sodium voltage-gated channel beta subunit 1
SCN2A,sodium voltage-gated channel alpha subunit 2
SCN2B,sodium voltage-gated channel beta subunit 2
SCN3A,sodium voltage-gated channel alpha subunit 3
SCN3B,sodium voltage-gated channel beta subunit 3
SCN4A,sodium voltage-gated channel alpha subunit 4
SCN4B,sodium voltage-gated channel beta subunit 4
SCN5A,sodium voltage-gated channel alpha subunit 5
SCN7A,sodium voltage-gated channel alpha subunit 7
SCN8A,sodium voltage-gated channel alpha subunit 8
SCN9A,sodium voltage-gated channel alpha subunit 9
SCNN1A,sodium channel epithelial 1 subunit alpha
SCNN1B,sodium channel epithelial 1 subunit beta
SCNN1D,sodium channel epithelial 1 subunit delta
SCNN1G,sodium channel epithelial 1 subunit gamma
SCO1,synthesis of cytochrome C oxidase 1
SCP2,sterol carrier protein 2
SCPEP1,serine carboxypeptidase 1
SCTR,secretin receptor
SCYL1,SCY1 like pseudokinase 1
SDC2,syndecan 2
SDCBP,syndecan binding protein
SDF2,stromal cell derived factor 2
SDF4,stromal cell derived factor 4
SDHA,succinate dehydrogenase complex flavoprotein subunit A
SDHB,succinate dehydrogenase complex iron sulfur subunit B
SDHC,succinate dehydrogenase complex subunit C
SDHD,succinate dehydrogenase complex subunit D
SDS,serine dehydratase
SDSL,serine dehydratase like
SEC14L2,SEC14 like lipid binding 2
SEC14L3,SEC14 like lipid binding 3
SEC14L4,SEC14 like lipid binding 4
SELE,selectin E
SELENOP,selenoprotein P
SELL,selectin L
SELP,selectin P
SELPLG,selectin P ligand
SEM1,SEM1 26S proteasome subunit
SEMA3C,semaphorin 3C
SEMA6A,semaphorin 6A
SEMG1,semenogelin 1
SENP1,SUMO specific peptidase 1
SENP2,SUMO specific peptidase 2
SENP3,SUMO specific peptidase 3
SENP5,SUMO specific peptidase 5
SENP6,SUMO specific peptidase 6
SENP7,SUMO specific peptidase 7
SENP8,"SUMO peptidase family member, NEDD8 specific"
SEPSECS,Sep (O-phosphoserine) tRNA:Sec (selenocysteine) tRNA synthase
SEPTIN3,septin 3
SEPTIN7,septin 7
SEPTIN9,septin 9
SERINC5,serine incorporator 5
SERPINA1,serpin family A member 1
SERPINA2,serpin family A member 2 (gene/pseudogene)
SERPINA3,serpin family A member 3
SERPINA4,serpin family A member 4
SERPINA5,serpin family A member 5
SERPINA6,serpin family A member 6
SERPINA7,serpin family A member 7
SERPINB1,serpin family B member 1
SERPINB2,serpin family B member 2
SERPINB3,serpin family B member 3
SERPINB5,serpin family B member 5
SERPINB9,serpin family B member 9
SERPINC1,serpin family C member 1
SERPIND1,serpin family D member 1
SERPINE1,serpin family E member 1
SERPINF1,serpin family F member 1
SERPINF2,serpin family F member 2
SERPING1,serpin family G member 1
SERPINH1,serpin family H member 1
SETD2,"SET domain containing 2, histone lysine methyltransferase"
SETD4,SET domain containing 4
SETD7,"SET domain containing 7, histone lysine methyltransferase"
SETDB1,SET domain bifurcated histone lysine methyltransferase 1
SETMAR,SET and mariner transposase domain methyltransferase
SF1,splicing factor 1
SF3A2,splicing factor 3a subunit 2
SF3A3,splicing factor 3a subunit 3
SF3B1,splicing factor 3b subunit 1
SF3B3,splicing factor 3b subunit 3
SFMBT1,Scm like with four mbt domains 1
SFN,stratifin
SFPQ,splicing factor proline and glutamine rich
SFRP1,secreted frizzled related protein 1
SFRP4,secreted frizzled related protein 4
SFTPA1,surfactant protein A1
SFTPB,surfactant protein B
SFTPD,surfactant protein D
SGK1,serum/glucocorticoid regulated kinase 1
SGK2,serum/glucocorticoid regulated kinase 2
SGK3,serum/glucocorticoid regulated kinase family member 3
SGMS1,sphingomyelin synthase 1
SGMS2,sphingomyelin synthase 2
SGPL1,sphingosine-1-phosphate lyase 1
SH2B1,SH2B adaptor protein 1
SH2B3,SH2B adaptor protein 3
SH2D5,SH2 domain containing 5
SHBG,sex hormone binding globulin
SHC1,SHC adaptor protein 1
SHC2,SHC adaptor protein 2
SHH,sonic hedgehog signaling molecule
SHMT1,serine hydroxymethyltransferase 1
SHMT2,serine hydroxymethyltransferase 2
SHROOM2,shroom family member 2
SI,sucrase-isomaltase
SIAH1,siah E3 ubiquitin protein ligase 1
SIGLEC1,sialic acid binding Ig like lectin 1
SIGLEC7,sialic acid binding Ig like lectin 7
SIGLEC9,sialic acid binding Ig like lectin 9
SIGMAR1,sigma non-opioid intracellular receptor 1
SIK1,salt inducible kinase 1
SIK2,salt inducible kinase 2
SIK3,SIK family kinase 3
SIRPA,signal regulatory protein alpha
SIRT1,sirtuin 1
SIRT2,sirtuin 2
SIRT3,sirtuin 3
SIRT4,sirtuin 4
SIRT5,sirtuin 5
SIRT6,sirtuin 6
SIRT7,sirtuin 7
SIVA1,SIVA1 apoptosis inducing factor
SKIC3,SKI3 subunit of superkiller complex
SKOR2,SKI family transcriptional corepressor 2
SKP1,S-phase kinase associated protein 1
SKP2,S-phase kinase associated protein 2
SLAMF1,signaling lymphocytic activation molecule family member 1
SLC10A1,solute carrier family 10 member 1
SLC10A2,solute carrier family 10 member 2
SLC10A6,solute carrier family 10 member 6
SLC11A1,solute carrier family 11 member 1
SLC11A2,solute carrier family 11 member 2
SLC12A1,solute carrier family 12 member 1
SLC12A2,solute carrier family 12 member 2
SLC12A3,solute carrier family 12 member 3
SLC12A4,solute carrier family 12 member 4
SLC12A5,solute carrier family 12 member 5
SLC12A6,solute carrier family 12 member 6
SLC12A7,solute carrier family 12 member 7
SLC13A1,solute carrier family 13 member 1
SLC13A2,solute carrier family 13 member 2
SLC13A3,solute carrier family 13 member 3
SLC13A5,solute carrier family 13 member 5
SLC14A1,solute carrier family 14 member 1 (Kidd blood group)
SLC14A2,solute carrier family 14 member 2
SLC15A1,solute carrier family 15 member 1
SLC15A2,solute carrier family 15 member 2
SLC15A3,solute carrier family 15 member 3
SLC15A4,solute carrier family 15 member 4
SLC16A1,solute carrier family 16 member 1
SLC16A10,solute carrier family 16 member 10
SLC16A2,solute carrier family 16 member 2
SLC16A3,solute carrier family 16 member 3
SLC16A4,solute carrier family 16 member 4
SLC16A5,solute carrier family 16 member 5
SLC16A6,solute carrier family 16 member 6
SLC16A7,solute carrier family 16 member 7
SLC16A8,solute carrier family 16 member 8
SLC17A3,solute carrier family 17 member 3
SLC17A5,solute carrier family 17 member 5
SLC17A9,solute carrier family 17 member 9
SLC18A1,solute carrier family 18 member A1
SLC18A2,solute carrier family 18 member A2
SLC18A3,solute carrier family 18 member A3
SLC19A1,solute carrier family 19 member 1
SLC19A2,solute carrier family 19 member 2
SLC19A3,solute carrier family 19 member 3
SLC1A1,solute carrier family 1 member 1
SLC1A2,solute carrier family 1 member 2
SLC1A3,solute carrier family 1 member 3
SLC1A4,solute carrier family 1 member 4
SLC1A5,solute carrier family 1 member 5
SLC1A6,solute carrier family 1 member 6
SLC1A7,solute carrier family 1 member 7
SLC20A1,solute carrier family 20 member 1
SLC20A2,solute carrier family 20 member 2
SLC22A1,solute carrier family 22 member 1
SLC22A10,solute carrier family 22 member 10 (gene/pseudogene)
SLC22A11,solute carrier family 22 member 11
SLC22A12,solute carrier family 22 member 12
SLC22A16,solute carrier family 22 member 16
SLC22A17,solute carrier family 22 member 17
SLC22A2,solute carrier family 22 member 2
SLC22A3,solute carrier family 22 member 3
SLC22A4,solute carrier family 22 member 4
SLC22A5,solute carrier family 22 member 5
SLC22A6,solute carrier family 22 member 6
SLC22A7,solute carrier family 22 member 7
SLC22A8,solute carrier family 22 member 8
SLC22A9,solute carrier family 22 member 9
SLC23A1,solute carrier family 23 member 1
SLC23A2,solute carrier family 23 member 2
SLC24A2,solute carrier family 24 member 2
SLC24A4,solute carrier family 24 member 4
SLC25A1,solute carrier family 25 member 1
SLC25A10,solute carrier family 25 member 10
SLC25A12,solute carrier family 25 member 12
SLC25A13,solute carrier family 25 member 13
SLC25A15,solute carrier family 25 member 15
SLC25A18,solute carrier family 25 member 18
SLC25A2,solute carrier family 25 member 2
SLC25A20,solute carrier family 25 member 20
SLC25A21,solute carrier family 25 member 21
SLC25A22,solute carrier family 25 member 22
SLC25A29,solute carrier family 25 member 29
SLC25A31,solute carrier family 25 member 31
SLC25A4,solute carrier family 25 member 4
SLC25A5,solute carrier family 25 member 5
SLC25A6,solute carrier family 25 member 6
SLC26A2,solute carrier family 26 member 2
SLC26A3,solute carrier family 26 member 3
SLC26A4,solute carrier family 26 member 4
SLC26A8,solute carrier family 26 member 8
SLC26A9,solute carrier family 26 member 9
SLC27A1,solute carrier family 27 member 1
SLC27A2,solute carrier family 27 member 2
SLC27A4,solute carrier family 27 member 4
SLC28A1,solute carrier family 28 member 1
SLC28A2,solute carrier family 28 member 2
SLC28A3,solute carrier family 28 member 3
SLC29A1,solute carrier family 29 member 1 (Augustine blood group)
SLC29A2,solute carrier family 29 member 2
SLC29A3,solute carrier family 29 member 3
SLC29A4,solute carrier family 29 member 4
SLC2A1,solute carrier family 2 member 1
SLC2A10,solute carrier family 2 member 10
SLC2A11,solute carrier family 2 member 11
SLC2A12,solute carrier family 2 member 12
SLC2A2,solute carrier family 2 member 2
SLC2A3,solute carrier family 2 member 3
SLC2A4,solute carrier family 2 member 4
SLC2A5,solute carrier family 2 member 5
SLC2A6,solute carrier family 2 member 6
SLC2A7,solute carrier family 2 member 7
SLC2A8,solute carrier family 2 member 8
SLC2A9,solute carrier family 2 member 9
SLC30A8,solute carrier family 30 member 8
SLC30A9,solute carrier family 30 member 9
SLC31A1,solute carrier family 31 member 1
SLC31A2,solute carrier family 31 member 2
SLC32A1,solute carrier family 32 member 1
SLC33A1,solute carrier family 33 member 1
SLC34A1,solute carrier family 34 member 1
SLC34A2,solute carrier family 34 member 2
SLC34A3,solute carrier family 34 member 3
SLC35B2,solute carrier family 35 member B2
SLC36A1,solute carrier family 36 member 1
SLC36A2,solute carrier family 36 member 2
SLC37A4,solute carrier family 37 member 4
SLC38A1,solute carrier family 38 member 1
SLC38A2,solute carrier family 38 member 2
SLC38A3,solute carrier family 38 member 3
SLC38A4,solute carrier family 38 member 4
SLC38A5,solute carrier family 38 member 5
SLC39A14,solute carrier family 39 member 14
SLC39A8,solute carrier family 39 member 8
SLC3A1,solute carrier family 3 member 1
SLC40A1,solute carrier family 40 member 1
SLC41A1,solute carrier family 41 member 1
SLC41A3,solute carrier family 41 member 3
SLC43A3,solute carrier family 43 member 3
SLC44A1,solute carrier family 44 member 1
SLC44A2,solute carrier family 44 member 2 (CTL2 blood group)
SLC44A3,solute carrier family 44 member 3
SLC44A4,solute carrier family 44 member 4
SLC46A1,solute carrier family 46 member 1
SLC47A1,solute carrier family 47 member 1
SLC47A2,solute carrier family 47 member 2
SLC4A1,solute carrier family 4 member 1 (Diego blood group)
SLC4A10,solute carrier family 4 member 10
SLC4A4,solute carrier family 4 member 4
SLC4A5,solute carrier family 4 member 5
SLC4A7,solute carrier family 4 member 7
SLC4A8,solute carrier family 4 member 8
SLC51A,solute carrier family 51 member A
SLC51B,SLC51 subunit beta
SLC52A2,solute carrier family 52 member 2
SLC5A1,solute carrier family 5 member 1
SLC5A11,solute carrier family 5 member 11
SLC5A2,solute carrier family 5 member 2
SLC5A3,solute carrier family 5 member 3
SLC5A4,solute carrier family 5 member 4
SLC5A5,solute carrier family 5 member 5
SLC5A6,solute carrier family 5 member 6
SLC5A7,solute carrier family 5 member 7
SLC5A8,solute carrier family 5 member 8
SLC6A1,solute carrier family 6 member 1
SLC6A11,solute carrier family 6 member 11
SLC6A12,solute carrier family 6 member 12
SLC6A13,solute carrier family 6 member 13
SLC6A14,solute carrier family 6 member 14
SLC6A15,solute carrier family 6 member 15
SLC6A19,solute carrier family 6 member 19
SLC6A2,solute carrier family 6 member 2
SLC6A3,solute carrier family 6 member 3
SLC6A4,solute carrier family 6 member 4
SLC6A5,solute carrier family 6 member 5
SLC6A6,solute carrier family 6 member 6
SLC6A7,solute carrier family 6 member 7
SLC6A8,solute carrier family 6 member 8
SLC6A9,solute carrier family 6 member 9
SLC7A1,solute carrier family 7 member 1
SLC7A11,solute carrier family 7 member 11
SLC7A2,solute carrier family 7 member 2
SLC7A3,solute carrier family 7 member 3
SLC7A4,solute carrier family 7 member 4
SLC7A5,solute carrier family 7 member 5
SLC7A6,solute carrier family 7 member 6
SLC7A7,solute carrier family 7 member 7
SLC7A8,solute carrier family 7 member 8
SLC7A9,solute carrier family 7 member 9
SLC8A1,solute carrier family 8 member A1
SLC8A3,solute carrier family 8 member A3
SLC8B1,solute carrier family 8 member B1
SLC9A1,solute carrier family 9 member A1
SLC9A2,solute carrier family 9 member A2
SLC9A3,solute carrier family 9 member A3
SLC9A5,solute carrier family 9 member A5
SLC9A9,solute carrier family 9 member A9
SLCO1A2,solute carrier organic anion transporter family member 1A2
SLCO1B1,solute carrier organic anion transporter family member 1B1
SLCO1B3,solute carrier organic anion transporter family member 1B3
SLCO1C1,solute carrier organic anion transporter family member 1C1
SLCO2A1,solute carrier organic anion transporter family member 2A1
SLCO2B1,solute carrier organic anion transporter family member 2B1
SLCO3A1,solute carrier organic anion transporter family member 3A1
SLCO4A1,solute carrier organic anion transporter family member 4A1
SLCO4C1,solute carrier organic anion transporter family member 4C1
SLCO6A1,solute carrier organic anion transporter family member 6A1
SLIT1,slit guidance ligand 1
SLK,STE20 like kinase
SLPI,secretory leukocyte peptidase inhibitor
SLTM,SAFB like transcription modulator
SMAD2,SMAD family member 2
SMAD3,SMAD family member 3
SMAD7,SMAD family member 7
SMARCA2,SWI/SNF related BAF chromatin remodeling complex subunit ATPase 2
SMARCA4,SWI/SNF related BAF chromatin remodeling complex subunit ATPase 4
SMARCA5,SNF2 related chromatin remodeling ATPase 5
SMARCE1,SWI/SNF related BAF chromatin remodeling complex subunit E1
SMC1A,structural maintenance of chromosomes 1A
SMC2,structural maintenance of chromosomes 2
SMDT1,single-pass membrane protein with aspartate rich tail 1
SMG1,SMG1 nonsense mediated mRNA decay associated PI3K related kinase
SMG6,SMG6 nonsense mediated mRNA decay factor
SMN1,"survival of motor neuron 1, telomeric"
SMN2,"survival of motor neuron 2, centromeric"
SMO,"smoothened, frizzled class receptor"
SMOX,spermine oxidase
SMPD1,sphingomyelin phosphodiesterase 1
SMPD2,sphingomyelin phosphodiesterase 2
SMPD3,sphingomyelin phosphodiesterase 3
SMPD4,sphingomyelin phosphodiesterase 4
SMS,spermine synthase
SMURF1,SMAD specific E3 ubiquitin protein ligase 1
SMURF2,SMAD specific E3 ubiquitin protein ligase 2
SMYD2,SET and MYND domain containing 2
SMYD3,SET and MYND domain containing 3
SNAP25,synaptosome associated protein 25
SNCA,synuclein alpha
SNORD68,"small nucleolar RNA, C/D box 68"
SNRK,SNF related kinase
SNRNP200,small nuclear ribonucleoprotein U5 subunit 200
SNRPA,small nuclear ribonucleoprotein polypeptide A
SNRPD2,small nuclear ribonucleoprotein D2 polypeptide
SNU13,small nuclear ribonucleoprotein 13
SNUPN,snurportin 1
SNX3,sorting nexin 3
SNX9,sorting nexin 9
SOAT1,sterol O-acyltransferase 1
SOAT2,sterol O-acyltransferase 2
SOCS1,suppressor of cytokine signaling 1
SOCS6,suppressor of cytokine signaling 6
SOD1,superoxide dismutase 1
SOD2,superoxide dismutase 2
SOD3,superoxide dismutase 3
SORCS2,sortilin related VPS10 domain containing receptor 2
SORD,sorbitol dehydrogenase
SORT1,sortilin 1
SOS1,SOS Ras/Rac guanine nucleotide exchange factor 1
SOST,sclerostin
SOX18,SRY-box transcription factor 18
SP3,Sp3 transcription factor
SP7,Sp7 transcription factor
SPAM1,sperm adhesion molecule 1
SPARC,secreted protein acidic and cysteine rich
SPECC1L,sperm antigen with calponin homology and coiled-coil domains 1 like
SPG7,"SPG7 matrix AAA peptidase subunit, paraplegin"
SPHK1,sphingosine kinase 1
SPHK2,sphingosine kinase 2
SPIDR,scaffold protein involved in DNA repair
SPIN1,spindlin 1
SPIN2B,spindlin family member 2B
SPIN3,spindlin family member 3
SPIN4,spindlin family member 4
SPINK5,serine peptidase inhibitor Kazal type 5
SPINK6,serine peptidase inhibitor Kazal type 6
SPINT1,"serine peptidase inhibitor, Kunitz type 1"
SPIRE2,spire type actin nucleation factor 2
SPNS2,"SPNS lysolipid transporter 2, sphingosine-1-phosphate"
SPOPL,speckle type BTB/POZ protein like
SPP1,secreted phosphoprotein 1
SPPL2A,signal peptide peptidase like 2A
SPPL2B,signal peptide peptidase like 2B
SPR,sepiapterin reductase
SPRY2,sprouty RTK signaling antagonist 2
SPSB2,splA/ryanodine receptor domain and SOCS box containing 2
SPTA1,"spectrin alpha, erythrocytic 1"
SPTBN1,"spectrin beta, non-erythrocytic 1"
SPTLC1,serine palmitoyltransferase long chain base subunit 1
SPTLC2,serine palmitoyltransferase long chain base subunit 2
SPTLC3,serine palmitoyltransferase long chain base subunit 3
SPTSSB,serine palmitoyltransferase small subunit B
SQLE,squalene epoxidase
SQOR,sulfide quinone oxidoreductase
SQSTM1,sequestosome 1
SRC,"SRC proto-oncogene, non-receptor tyrosine kinase"
SRD5A1,steroid 5 alpha-reductase 1
SRD5A2,steroid 5 alpha-reductase 2
SRD5A3,steroid 5 alpha-reductase 3
SREBF1,sterol regulatory element binding transcription factor 1
SREBF2,sterol regulatory element binding transcription factor 2
SRI,sorcin
SRM,spermidine synthase
SRMS,src-related kinase lacking C-terminal regulatory tyrosine and N-terminal myristylation sites
SRP14,signal recognition particle 14
SRP19,signal recognition particle 19
SRPK1,SRSF protein kinase 1
SRPK2,SRSF protein kinase 2
SRPK3,SRSF protein kinase 3
SRPRA,SRP receptor subunit alpha
SRPRB,SRP receptor subunit beta
SRR,serine racemase
SRSF1,serine and arginine rich splicing factor 1
SRSF4,serine and arginine rich splicing factor 4
SST,somatostatin
SSTR1,somatostatin receptor 1
SSTR2,somatostatin receptor 2
SSTR3,somatostatin receptor 3
SSTR4,somatostatin receptor 4
SSTR5,somatostatin receptor 5
SSU72,"SSU72 homolog, RNA polymerase II CTD phosphatase"
ST14,ST14 transmembrane serine protease matriptase
ST3GAL1,"ST3 beta-galactoside alpha-2,3-sialyltransferase 1"
ST3GAL3,"ST3 beta-galactoside alpha-2,3-sialyltransferase 3"
ST3GAL5,"ST3 beta-galactoside alpha-2,3-sialyltransferase 5"
ST6GAL1,"ST6 beta-galactoside alpha-2,6-sialyltransferase 1"
STAB2,stabilin 2
STAMBP,STAM binding protein
STAT1,signal transducer and activator of transcription 1
STAT2,signal transducer and activator of transcription 2
STAT3,signal transducer and activator of transcription 3
STAT4,signal transducer and activator of transcription 4
STAT5A,signal transducer and activator of transcription 5A
STAT5B,signal transducer and activator of transcription 5B
STAT6,signal transducer and activator of transcription 6
STC1,stanniocalcin 1
STIM1,stromal interaction molecule 1
STING1,stimulator of interferon response cGAMP interactor 1
STIP1,stress induced phosphoprotein 1
STK10,serine/threonine kinase 10
STK11,serine/threonine kinase 11
STK16,serine/threonine kinase 16
STK17A,serine/threonine kinase 17a
STK17B,serine/threonine kinase 17b
STK24,serine/threonine kinase 24
STK25,serine/threonine kinase 25
STK26,serine/threonine kinase 26
STK3,serine/threonine kinase 3
STK31,serine/threonine kinase 31
STK32A,serine/threonine kinase 32A
STK32B,serine/threonine kinase 32B
STK32C,serine/threonine kinase 32C
STK33,serine/threonine kinase 33
STK35,serine/threonine kinase 35
STK36,serine/threonine kinase 36
STK38,serine/threonine kinase 38
STK38L,serine/threonine kinase 38 like
STK39,serine/threonine kinase 39
STK4,serine/threonine kinase 4
STMN1,stathmin 1
STMN4,stathmin 4
STN1,STN1 subunit of CST complex
STOM,stomatin
STRADA,STE20 related adaptor alpha
STRBP,spermatid perinuclear RNA binding protein
STS,steroid sulfatase
STUB1,STIP1 homology and U-box containing protein 1
STX1B,syntaxin 1B
STX2,syntaxin 2
STX4,syntaxin 4
SUCLA2,succinate-CoA ligase ADP-forming subunit beta
SUCLG1,succinate-CoA ligase GDP/ADP-forming subunit alpha
SUCLG2,succinate-CoA ligase GDP-forming subunit beta
SUCNR1,succinate receptor 1
SULF2,sulfatase 2
SULT1A1,sulfotransferase family 1A member 1
SULT1A2,sulfotransferase family 1A member 2
SULT1A3,sulfotransferase family 1A member 3
SULT1A4,sulfotransferase family 1A member 4
SULT1B1,sulfotransferase family 1B member 1
SULT1C2,sulfotransferase family 1C member 2
SULT1C3,sulfotransferase family 1C member 3
SULT1C4,sulfotransferase family 1C member 4
SULT1E1,sulfotransferase family 1E member 1
SULT2A1,sulfotransferase family 2A member 1
SULT2B1,sulfotransferase family 2B member 1
SULT4A1,sulfotransferase family 4A member 1
SULT6B1,sulfotransferase family 6B member 1
SUMO1,small ubiquitin like modifier 1
SUMO2,small ubiquitin like modifier 2
SUMO4,small ubiquitin like modifier 4
SUV39H1,SUV39H1 histone lysine methyltransferase
SUV39H2,SUV39H2 histone lysine methyltransferase
SUZ12,SUZ12 polycomb repressive complex 2 subunit
SV2A,synaptic vesicle glycoprotein 2A
SVEP1,"sushi, von Willebrand factor type A, EGF and pentraxin domain containing 1"
SYK,spleen associated tyrosine kinase
SYN1,synapsin I
SYNE2,spectrin repeat containing nuclear envelope protein 2
SYNE3,spectrin repeat containing nuclear envelope family member 3
SYNJ1,synaptojanin 1
SYNJ2,synaptojanin 2
SYP,synaptophysin
SZRD1,SUZ RNA binding domain containing 1
Slc6a11,solute carrier family 6 member 11
TAAR1,trace amine associated receptor 1
TAAR5,trace amine associated receptor 5
TAAR6,trace amine associated receptor 6
TAB1,TGF-beta activated kinase 1 (MAP3K7) binding protein 1
TAC1,tachykinin precursor 1
TAC3,tachykinin precursor 3
TACC3,transforming acidic coiled-coil containing protein 3
TACR1,tachykinin receptor 1
TACR2,tachykinin receptor 2
TACR3,tachykinin receptor 3
TAF1,TATA-box binding protein associated factor 1
TAF11,TATA-box binding protein associated factor 11
TAF1L,TATA-box binding protein associated factor 1 like
TAGLN,transgelin
TAGLN2,transgelin 2
TANK,TRAF family member associated NFKB activator
TAOK1,TAO kinase 1
TAOK2,TAO kinase 2
TAOK3,TAO kinase 3
TAP1,"transporter 1, ATP binding cassette subfamily B member"
TAPBP,TAP binding protein
TARBP2,TARBP2 subunit of RISC loading complex
TARDBP,TAR DNA binding protein
TARS1,threonyl-tRNA synthetase 1
TARS2,"threonyl-tRNA synthetase 2, mitochondrial"
TAS1R1,taste 1 receptor member 1
TAS1R2,taste 1 receptor member 2
TAS1R3,taste 1 receptor member 3
TAS2R1,taste 2 receptor member 1
TAS2R10,taste 2 receptor member 10
TAS2R13,taste 2 receptor member 13
TAS2R14,taste 2 receptor member 14
TAS2R16,taste 2 receptor member 16
TAS2R19,taste 2 receptor member 19
TAS2R20,taste 2 receptor member 20
TAS2R3,taste 2 receptor member 3
TAS2R30,taste 2 receptor member 30
TAS2R31,taste 2 receptor member 31
TAS2R38,taste 2 receptor member 38
TAS2R39,taste 2 receptor member 39
TAS2R4,taste 2 receptor member 4
TAS2R40,taste 2 receptor member 40
TAS2R41,taste 2 receptor member 41
TAS2R42,taste 2 receptor member 42
TAS2R43,taste 2 receptor member 43
TAS2R46,taste 2 receptor member 46
TAS2R5,taste 2 receptor member 5
TAS2R50,taste 2 receptor member 50
TAS2R60,taste 2 receptor member 60
TAS2R7,taste 2 receptor member 7
TAS2R8,taste 2 receptor member 8
TAS2R9,taste 2 receptor member 9
TASP1,taspase 1
TAT,tyrosine aminotransferase
TBC1D1,TBC1 domain family member 1
TBK1,TANK binding kinase 1
TBKBP1,TBK1 binding protein 1
TBL1X,transducin beta like 1 X-linked
TBL1XR1,TBL1X/Y related 1
TBP,TATA-box binding protein
TBX2,T-box transcription factor 2
TBX21,T-box transcription factor 21
TBXA2R,thromboxane A2 receptor
TBXAS1,thromboxane A synthase 1
TBXT,T-box transcription factor T
TCF19,transcription factor 19
TCF4,transcription factor 4
TCF7L2,transcription factor 7 like 2
TCIM,transcriptional and immune response regulator
TCIRG1,"T cell immune regulator 1, ATPase H+ transporting V0 subunit a3"
TCL1A,TCL1 family AKT coactivator A
TCN1,transcobalamin 1
TCN2,transcobalamin 2
TDO2,"tryptophan 2,3-dioxygenase"
TDP1,tyrosyl-DNA phosphodiesterase 1
TDP2,tyrosyl-DNA phosphodiesterase 2
TEAD1,TEA domain transcription factor 1
TEAD2,TEA domain transcription factor 2
TEAD3,TEA domain transcription factor 3
TEAD4,TEA domain transcription factor 4
TEC,tec protein tyrosine kinase
TEK,TEK receptor tyrosine kinase
TENM4,teneurin transmembrane protein 4
TENT4A,terminal nucleotidyltransferase 4A
TERF2,telomeric repeat binding factor 2
TERF2IP,TERF2 interacting protein
TERT,telomerase reverse transcriptase
TESK1,testis associated actin remodelling kinase 1
TESK2,testis associated actin remodelling kinase 2
TESMIN,testis expressed metallothionein like protein
TET1,tet methylcytosine dioxygenase 1
TET2,tet methylcytosine dioxygenase 2
TET3,tet methylcytosine dioxygenase 3
TEX10,testis expressed 10
TEX28,testis expressed 28
TF,transferrin
TFAP2A,transcription factor AP-2 alpha
TFDP2,transcription factor Dp-2
TFF1,trefoil factor 1
TFF2,trefoil factor 2
TFPI,tissue factor pathway inhibitor
TFR2,transferrin receptor 2
TFRC,transferrin receptor
TG,thyroglobulin
TGFB1,transforming growth factor beta 1
TGFB2,transforming growth factor beta 2
TGFB3,transforming growth factor beta 3
TGFBR1,transforming growth factor beta receptor 1
TGFBR2,transforming growth factor beta receptor 2
TGFBR3,transforming growth factor beta receptor 3
TGM1,transglutaminase 1
TGM2,transglutaminase 2
TGM3,transglutaminase 3
TGM4,transglutaminase 4
TGM5,transglutaminase 5
TGM6,transglutaminase 6
TGM7,transglutaminase 7
TH,tyrosine hydroxylase
THBD,thrombomodulin
THBS1,thrombospondin 1
THBS2,thrombospondin 2
THBS4,thrombospondin 4
THPO,thrombopoietin
THRA,thyroid hormone receptor alpha
THRAP3,thyroid hormone receptor associated protein 3
THRB,thyroid hormone receptor beta
THRSP,thyroid hormone responsive
THSD7B,thrombospondin type 1 domain containing 7B
THTPA,thiamine triphosphatase
THY1,Thy-1 cell surface antigen
TIE1,tyrosine kinase with immunoglobulin like and EGF like domains 1
TIGD1,tigger transposable element derived 1
TIMM8A,translocase of inner mitochondrial membrane 8A
TIMP3,TIMP metallopeptidase inhibitor 3
TIPARP,TCDD inducible poly(ADP-ribose) polymerase
TJP1,tight junction protein 1
TJP2,tight junction protein 2
TK1,thymidine kinase 1
TK2,thymidine kinase 2
TKT,transketolase
TLE5,"TLE family member 5, transcriptional modulator"
TLK1,tousled like kinase 1
TLK2,tousled like kinase 2
TLL1,tolloid like 1
TLL2,tolloid like 2
TLR1,toll like receptor 1
TLR2,toll like receptor 2
TLR3,toll like receptor 3
TLR4,toll like receptor 4
TLR7,toll like receptor 7
TLR8,toll like receptor 8
TLR9,toll like receptor 9
TMCO6,transmembrane and coiled-coil domains 6
TMEFF2,transmembrane protein with EGF like and two follistatin like domains 2
TMEM131L,transmembrane 131 like
TMEM167A,transmembrane protein 167A
TMEM196,transmembrane protein 196
TMEM258,transmembrane protein 258
TMEM43,transmembrane protein 43
TMEM97,transmembrane protein 97
TMIGD3,transmembrane and immunoglobulin domain containing 3
TMPRSS11D,transmembrane serine protease 11D
TMPRSS15,transmembrane serine protease 15
TMPRSS2,transmembrane serine protease 2
TMPRSS4,transmembrane serine protease 4
TMPRSS6,transmembrane serine protease 6
TMSB10,thymosin beta 10
TMSB4X,thymosin beta 4 X-linked
TMX2,thioredoxin related transmembrane protein 2
TNF,tumor necrosis factor
TNFAIP3,TNF alpha induced protein 3
TNFAIP6,TNF alpha induced protein 6
TNFRSF10A,TNF receptor superfamily member 10a
TNFRSF10B,TNF receptor superfamily member 10b
TNFRSF11A,TNF receptor superfamily member 11a
TNFRSF11B,TNF receptor superfamily member 11b
TNFRSF17,TNF receptor superfamily member 17
TNFRSF1A,TNF receptor superfamily member 1A
TNFRSF1B,TNF receptor superfamily member 1B
TNFRSF4,TNF receptor superfamily member 4
TNFRSF8,TNF receptor superfamily member 8
TNFRSF9,TNF receptor superfamily member 9
TNFSF10,TNF superfamily member 10
TNFSF11,TNF superfamily member 11
TNFSF13B,TNF superfamily member 13b
TNIK,TRAF2 and NCK interacting kinase
TNK1,tyrosine kinase non receptor 1
TNK2,tyrosine kinase non receptor 2
TNKS,tankyrase
TNKS2,tankyrase 2
TNNC1,"troponin C1, slow skeletal and cardiac type"
TNNC2,"troponin C2, fast skeletal type"
TNNI3,"troponin I3, cardiac type"
TNNI3K,TNNI3 interacting kinase
TNNT2,"troponin T2, cardiac type"
TNRC6A,trinucleotide repeat containing adaptor 6A
TOMM40,translocase of outer mitochondrial membrane 40
TOP1,DNA topoisomerase I
TOP1MT,DNA topoisomerase I mitochondrial
TOP2A,DNA topoisomerase II alpha
TOP2B,DNA topoisomerase II beta
TOPBP1,DNA topoisomerase II binding protein 1
TOR1A,torsin family 1 member A
TP53,tumor protein p53
TP53AIP1,tumor protein p53 regulated apoptosis inducing protein 1
TP53BP1,tumor protein p53 binding protein 1
TP53RK,TP53 regulating kinase
TP73,tumor protein p73
TPCN1,two pore segment channel 1
TPCN2,two pore segment channel 2
TPD52L2,TPD52 like 2
TPH1,tryptophan hydroxylase 1
TPH2,tryptophan hydroxylase 2
TPI1,triosephosphate isomerase 1
TPK1,thiamin pyrophosphokinase 1
TPM1,tropomyosin 1
TPM3,tropomyosin 3
TPM4,tropomyosin 4
TPMT,thiopurine S-methyltransferase
TPO,thyroid peroxidase
TPP2,tripeptidyl peptidase 2
TPPP,tubulin polymerization promoting protein
TPSAB1,tryptase alpha/beta 1
TPSB2,tryptase beta 2
TPSD1,tryptase delta 1
TPSG1,tryptase gamma 1
TPST2,tyrosylprotein sulfotransferase 2
TPT1,"tumor protein, translationally-controlled 1"
TPTEP2-CSNK1E,TPTEP2-CSNK1E readthrough
TPX2,TPX2 microtubule nucleation factor
TRA,T cell receptor alpha locus
TRAC,T cell receptor alpha constant
TRAF3IP2,TRAF3 interacting protein 2
TRAP1,TNF receptor associated protein 1
TRAPPC1,trafficking protein particle complex subunit 1
TRAPPC3,trafficking protein particle complex subunit 3
TRAPPC4,trafficking protein particle complex subunit 4
TRAPPC5,trafficking protein particle complex subunit 5
TRAPPC6A,trafficking protein particle complex subunit 6A
TRAPPC6B,trafficking protein particle complex subunit 6B
TRAT1,T cell receptor associated transmembrane adaptor 1
TRAV4,T cell receptor alpha variable 4
TRBC1,T cell receptor beta constant 1
TRDMT1,tRNA aspartic acid methyltransferase 1
TREH,trehalase
TREM1,triggering receptor expressed on myeloid cells 1
TREML4,triggering receptor expressed on myeloid cells like 4
TRH,thyrotropin releasing hormone
TRHR,thyrotropin releasing hormone receptor
TRIB2,tribbles pseudokinase 2
TRIB3,tribbles pseudokinase 3
TRIM13,tripartite motif containing 13
TRIM24,tripartite motif containing 24
TRIM33,tripartite motif containing 33
TRIM5,tripartite motif containing 5
TRIT1,tRNA isopentenyltransferase 1
TRPA1,transient receptor potential cation channel subfamily A member 1
TRPC1,transient receptor potential cation channel subfamily C member 1
TRPC3,transient receptor potential cation channel subfamily C member 3
TRPC4,transient receptor potential cation channel subfamily C member 4
TRPC5,transient receptor potential cation channel subfamily C member 5
TRPC6,transient receptor potential cation channel subfamily C member 6
TRPC7,transient receptor potential cation channel subfamily C member 7
TRPM1,transient receptor potential cation channel subfamily M member 1
TRPM2,transient receptor potential cation channel subfamily M member 2
TRPM3,transient receptor potential cation channel subfamily M member 3
TRPM4,transient receptor potential cation channel subfamily M member 4
TRPM5,transient receptor potential cation channel subfamily M member 5
TRPM6,transient receptor potential cation channel subfamily M member 6
TRPM7,transient receptor potential cation channel subfamily M member 7
TRPM8,transient receptor potential cation channel subfamily M member 8
TRPV1,transient receptor potential cation channel subfamily V member 1
TRPV2,transient receptor potential cation channel subfamily V member 2
TRPV3,transient receptor potential cation channel subfamily V member 3
TRPV4,transient receptor potential cation channel subfamily V member 4
TRPV5,transient receptor potential cation channel subfamily V member 5
TRPV6,transient receptor potential cation channel subfamily V member 6
TSC1,TSC complex subunit 1
TSC2,TSC complex subunit 2
TSC22D3,TSC22 domain family member 3
TSG101,tumor susceptibility 101
TSHB,thyroid stimulating hormone subunit beta
TSHR,thyroid stimulating hormone receptor
TSHZ2,teashirt zinc finger homeobox 2
TSNAX,translin associated factor X
TSPAN5,tetraspanin 5
TSPEAR,thrombospondin type laminin G domain and EAR repeats
TSPO,translocator protein
TSPOAP1,TSPO associated protein 1
TSPYL1,TSPY like 1
TSPYL2,TSPY like 2
TSSK1B,testis specific serine kinase 1B
TSSK2,testis specific serine kinase 2
TSSK3,testis specific serine kinase 3
TSSK6,testis specific serine kinase 6
TST,thiosulfate sulfurtransferase
TTBK1,tau tubulin kinase 1
TTBK2,tau tubulin kinase 2
TTC6,tetratricopeptide repeat domain 6
TTK,TTK protein kinase
TTL,tubulin tyrosine ligase
TTLL3,tubulin tyrosine ligase like 3
TTPA,alpha tocopherol transfer protein
TTR,transthyretin
TUB,TUB bipartite transcription factor
TUBA1A,tubulin alpha 1a
TUBA1B,tubulin alpha 1b
TUBA1C,tubulin alpha 1c
TUBA3C,tubulin alpha 3c
TUBA3D,tubulin alpha 3d
TUBA3E,tubulin alpha 3e
TUBA4A,tubulin alpha 4a
TUBA4B,tubulin alpha 4b
TUBA8,tubulin alpha 8
TUBB,tubulin beta class I
TUBB1,tubulin beta 1 class VI
TUBB2A,tubulin beta 2A class IIa
TUBB2B,tubulin beta 2B class IIb
TUBB3,tubulin beta 3 class III
TUBB4A,tubulin beta 4A class IVa
TUBB4B,tubulin beta 4B class IVb
TUBB6,tubulin beta 6 class V
TUBB8,tubulin beta 8 class VIII
TUBB8B,tubulin beta 8B
TUBD1,tubulin delta 1
TUBE1,tubulin epsilon 1
TUBG1,tubulin gamma 1
TUFM,"Tu translation elongation factor, mitochondrial"
TUT7,terminal uridylyl transferase 7
TWIST1,twist family bHLH transcription factor 1
TXK,TXK tyrosine kinase
TXN,thioredoxin
TXN2,thioredoxin 2
TXNRD1,thioredoxin reductase 1
TXNRD2,thioredoxin reductase 2
TXNRD3,thioredoxin reductase 3
TYK2,tyrosine kinase 2
TYMP,thymidine phosphorylase
TYMS,thymidylate synthetase
TYMSOS,TYMS opposite strand RNA
TYR,tyrosinase
TYRO3,TYRO3 protein tyrosine kinase
UAP1,UDP-N-acetylglucosamine pyrophosphorylase 1
UBA1,ubiquitin like modifier activating enzyme 1
UBA2,ubiquitin like modifier activating enzyme 2
UBA3,ubiquitin like modifier activating enzyme 3
UBA6,ubiquitin like modifier activating enzyme 6
UBA7,ubiquitin like modifier activating enzyme 7
UBASH3B,ubiquitin associated and SH3 domain containing B
UBB,ubiquitin B
UBC,ubiquitin C
UBE2B,ubiquitin conjugating enzyme E2 B
UBE2D1,ubiquitin conjugating enzyme E2 D1
UBE2D2,ubiquitin conjugating enzyme E2 D2
UBE2D3,ubiquitin conjugating enzyme E2 D3
UBE2E1,ubiquitin conjugating enzyme E2 E1
UBE2F,ubiquitin conjugating enzyme E2 F (putative)
UBE2I,ubiquitin conjugating enzyme E2 I
UBE2K,ubiquitin conjugating enzyme E2 K
UBE2M,ubiquitin conjugating enzyme E2 M
UBE2N,ubiquitin conjugating enzyme E2 N
UBE2T,ubiquitin conjugating enzyme E2 T
UBE2V1,ubiquitin conjugating enzyme E2 V1
UBIAD1,UbiA prenyltransferase domain containing 1
UBLCP1,ubiquitin like domain containing CTD phosphatase 1
UBR1,ubiquitin protein ligase E3 component n-recognin 1
UCHL1,ubiquitin C-terminal hydrolase L1
UCHL3,ubiquitin C-terminal hydrolase L3
UCHL5,ubiquitin C-terminal hydrolase L5
UCK2,uridine-cytidine kinase 2
UCKL1,uridine-cytidine kinase 1 like 1
UCP1,uncoupling protein 1
UCP2,uncoupling protein 2
UGCG,UDP-glucose ceramide glucosyltransferase
UGDH,UDP-glucose 6-dehydrogenase
UGGT2,UDP-glucose glycoprotein glucosyltransferase 2
UGT1A,UDP glucuronosyltransferase family 1 member A complex locus
UGT1A1,UDP glucuronosyltransferase family 1 member A1
UGT1A10,UDP glucuronosyltransferase family 1 member A10
UGT1A3,UDP glucuronosyltransferase family 1 member A3
UGT1A4,UDP glucuronosyltransferase family 1 member A4
UGT1A5,UDP glucuronosyltransferase family 1 member A5
UGT1A6,UDP glucuronosyltransferase family 1 member A6
UGT1A7,UDP glucuronosyltransferase family 1 member A7
UGT1A8,UDP glucuronosyltransferase family 1 member A8
UGT1A9,UDP glucuronosyltransferase family 1 member A9
UGT2A1,UDP glucuronosyltransferase family 2 member A1 complex locus
UGT2B10,UDP glucuronosyltransferase family 2 member B10
UGT2B15,UDP glucuronosyltransferase family 2 member B15
UGT2B17,UDP glucuronosyltransferase family 2 member B17
UGT2B4,UDP glucuronosyltransferase family 2 member B4
UGT2B7,UDP glucuronosyltransferase family 2 member B7
UGT3A1,UDP glycosyltransferase family 3 member A1
UGT8,UDP glycosyltransferase 8
UHRF1,ubiquitin like with PHD and ring finger domains 1
ULK1,unc-51 like autophagy activating kinase 1
ULK2,unc-51 like autophagy activating kinase 2
ULK3,unc-51 like kinase 3
UMOD,uromodulin
UMPS,uridine monophosphate synthetase
UNC119,unc-119 lipid binding chaperone
UNG,uracil DNA glycosylase
UPB1,beta-ureidopropionase 1
UPP1,uridine phosphorylase 1
UPP2,uridine phosphorylase 2
UQCR10,"ubiquinol-cytochrome c reductase, complex III subunit X"
UQCR11,"ubiquinol-cytochrome c reductase, complex III subunit XI"
UQCRB,ubiquinol-cytochrome c reductase binding protein
UQCRC1,ubiquinol-cytochrome c reductase core protein 1
UQCRC2,ubiquinol-cytochrome c reductase core protein 2
UQCRFS1,"ubiquinol-cytochrome c reductase, Rieske iron-sulfur polypeptide 1"
UQCRH,ubiquinol-cytochrome c reductase hinge protein
UQCRQ,ubiquinol-cytochrome c reductase complex III subunit VII
UROD,uroporphyrinogen decarboxylase
USP1,ubiquitin specific peptidase 1
USP10,ubiquitin specific peptidase 10
USP13,ubiquitin specific peptidase 13
USP14,ubiquitin specific peptidase 14
USP19,ubiquitin specific peptidase 19
USP2,ubiquitin specific peptidase 2
USP21,ubiquitin specific peptidase 21
USP24,ubiquitin specific peptidase 24
USP25,ubiquitin specific peptidase 25
USP28,ubiquitin specific peptidase 28
USP30,ubiquitin specific peptidase 30
USP36,ubiquitin specific peptidase 36
USP4,ubiquitin specific peptidase 4
USP47,ubiquitin specific peptidase 47
USP5,ubiquitin specific peptidase 5
USP7,ubiquitin specific peptidase 7
USP8,ubiquitin specific peptidase 8
USP9X,ubiquitin specific peptidase 9 X-linked
USP9Y,ubiquitin specific peptidase 9 Y-linked
UST,uronyl 2-sulfotransferase
UTRN,utrophin
UTS2R,urotensin 2 receptor
VAC14,VAC14 component of PIKFYVE complex
VAMP2,vesicle associated membrane protein 2
VARS1,valyl-tRNA synthetase 1
VASP,vasodilator stimulated phosphoprotein
VAT1,vesicle amine transport 1
VAV1,vav guanine nucleotide exchange factor 1
VCAM1,vascular cell adhesion molecule 1
VCAN,versican
VCP,valosin containing protein
VDAC1,voltage dependent anion channel 1
VDAC2,voltage dependent anion channel 2
VDAC3,voltage dependent anion channel 3
VDR,vitamin D receptor
VEGFA,vascular endothelial growth factor A
VEGFB,vascular endothelial growth factor B
VEGFC,vascular endothelial growth factor C
VHL,von Hippel-Lindau tumor suppressor
VIM,vimentin
VIP,vasoactive intestinal peptide
VIPR1,vasoactive intestinal peptide receptor 1
VIPR2,vasoactive intestinal peptide receptor 2
VKORC1,vitamin K epoxide reductase complex subunit 1
VKORC1L1,vitamin K epoxide reductase complex subunit 1L1
VLDLR,very low density lipoprotein receptor
VNN1,vanin 1
VPS13D,vacuolar protein sorting 13 homolog D
VPS35,VPS35 retromer complex component
VPS4B,vacuolar protein sorting 4 homolog B
VRK1,VRK serine/threonine kinase 1
VRK2,VRK serine/threonine kinase 2
VSIR,V-set immunoregulatory receptor
VTN,vitronectin
VWF,von Willebrand factor
WARS1,tryptophanyl-tRNA synthetase 1
WARS2,"tryptophanyl tRNA synthetase 2, mitochondrial"
WAS,WASP actin nucleation promoting factor
WBP2NL,WBP2 N-terminal like
WDR24,WD repeat domain 24
WDR48,WD repeat domain 48
WDR5,WD repeat domain 5
WDR77,WD repeat domain 77
WEE1,WEE1 G2 checkpoint kinase
WEE2,WEE2 oocyte meiosis inhibiting kinase
WFS1,wolframin ER transmembrane glycoprotein
WHR1,winged helix repair factor 1
WIZ,WIZ zinc finger
WNK1,WNK lysine deficient protein kinase 1
WNK2,WNK lysine deficient protein kinase 2
WNK3,WNK lysine deficient protein kinase 3
WNT3,Wnt family member 3
WNT3A,Wnt family member 3A
WNT5B,Wnt family member 5B
WNT7A,Wnt family member 7A
WRN,WRN RecQ like helicase
WT1,WT1 transcription factor
WWOX,WW domain containing oxidoreductase
XBP1,X-box binding protein 1
XCR1,X-C motif chemokine receptor 1
XDH,xanthine dehydrogenase
XIAP,X-linked inhibitor of apoptosis
XPA,"XPA, DNA damage recognition and repair factor"
XPC,"XPC complex subunit, DNA damage recognition and repair factor"
XPNPEP1,X-prolyl aminopeptidase 1
XPNPEP2,X-prolyl aminopeptidase 2
XPO1,exportin 1
XRCC1,X-ray repair cross complementing 1
XRCC3,X-ray repair cross complementing 3
XRCC4,X-ray repair cross complementing 4
XRCC5,X-ray repair cross complementing 5
XYLT2,xylosyltransferase 2
YAP1,Yes1 associated transcriptional regulator
YARS1,tyrosyl-tRNA synthetase 1
YARS2,tyrosyl-tRNA synthetase 2
YBX1,Y-box binding protein 1
YEATS4,YEATS domain containing 4
YES1,"YES proto-oncogene 1, Src family tyrosine kinase"
YTHDC1,YTH N6-methyladenosine RNA binding protein C1
YTHDF2,YTH N6-methyladenosine RNA binding protein F2
YWHAB,tyrosine 3-monooxygenase/tryptophan 5-monooxygenase activation protein beta
YWHAE,tyrosine 3-monooxygenase/tryptophan 5-monooxygenase activation protein epsilon
YWHAG,tyrosine 3-monooxygenase/tryptophan 5-monooxygenase activation protein gamma
YWHAH,tyrosine 3-monooxygenase/tryptophan 5-monooxygenase activation protein eta
YWHAQ,tyrosine 3-monooxygenase/tryptophan 5-monooxygenase activation protein theta
YWHAZ,tyrosine 3-monooxygenase/tryptophan 5-monooxygenase activation protein zeta
ZACN,zinc activated ion channel
ZAP70,zeta chain of T cell receptor associated protein kinase 70
ZBTB22,zinc finger and BTB domain containing 22
ZBTB4,zinc finger and BTB domain containing 4
ZDHHC3,zDHHC palmitoyltransferase 3
ZDHHC7,zDHHC palmitoyltransferase 7
ZFHX3,zinc finger homeobox 3
ZFP36L1,ZFP36 like 1 zinc finger CCCH-type
ZFP36L2,ZFP36 like 2 zinc finger CCCH-type
ZFP91-CNTF,ZFP91-CNTF readthrough (NMD candidate)
ZFY,zinc finger protein Y-linked
ZHX2,zinc fingers and homeoboxes 2
ZIC4,Zic family zinc finger 4
ZMAT4,zinc finger matrin-type 4
ZMIZ1,zinc finger MIZ-type containing 1
ZMPSTE24,zinc metallopeptidase STE24
ZNF134,zinc finger protein 134
ZNF165,zinc finger protein 165
ZNF211,zinc finger protein 211
ZNF385D,zinc finger protein 385D
ZNF423,zinc finger protein 423
ZNF542P,"zinc finger protein 542, pseudogene"
ZNF565,zinc finger protein 565
ZNF568,zinc finger protein 568
ZNF613,zinc finger protein 613
ZNF804A,zinc finger protein 804A
ZSCAN25,zinc finger and SCAN domain containing 25
ZYX,zyxin
